ano,nota,drive_id,url
2018,36.5,1ThLLNWnUHgGq55ElFVUFVysSem8o83HY,https://drive.google.com/file/d/1ThLLNWnUHgGq55ElFVUFVysSem8o83HY/view
2018,33.0,1J6c8CNdx6Yy1ye0gK8DLo1Oo3yUL3DLK,https://drive.google.com/file/d/1J6c8CNdx6Yy1ye0gK8DLo1Oo3yUL3DLK/view
2020,38.5,1pJ5_z-00dpX4mbsPSzUsLX4pKFuWE434,https://drive.google.com/file/d/1pJ5_z-00dpX4mbsPSzUsLX4pKFuWE434/view
2020,42.0,1p2WISpPRTiRxxb8uzyyf3Qbkd2OgkaiS,https://drive.google.com/file/d/1p2WISpPRTiRxxb8uzyyf3Qbkd2OgkaiS/view
2020,43.0,1y0lhK2DInBrNr29fNcmR1jUo3SZKhjZU,https://drive.google.com/file/d/1y0lhK2DInBrNr29fNcmR1jUo3SZKhjZU/view
2020,36.0,1TfSZM1FeuLh6E7JrKkV1TJK5yP52_6kE,https://drive.google.com/file/d/1TfSZM1FeuLh6E7JrKkV1TJK5yP52_6kE/view
2020,40.0,1SO1z8emVH0090Jy3M2gZyclmaY5kBgUu,https://drive.google.com/file/d/1SO1z8emVH0090Jy3M2gZyclmaY5kBgUu/view
2020,24.0,1O-60tD35Gkso-MXyir5cuu9xVX_HoLSY,https://drive.google.com/file/d/1O-60tD35Gkso-MXyir5cuu9xVX_HoLSY/view
2020,28.0,18K5YG2PZadDoLAYyN5_nbNWFsS7SL8O_,https://drive.google.com/file/d/18K5YG2PZadDoLAYyN5_nbNWFsS7SL8O_/view
2020,35.0,1KfxICvWaiHlWUsgoiwtivWAeaklbeg4k,https://drive.google.com/file/d/1KfxICvWaiHlWUsgoiwtivWAeaklbeg4k/view
2020,25.33,174fBuhMjO4oXoOUGC37bV5fOQDnTPPo6,https://drive.google.com/file/d/174fBuhMjO4oXoOUGC37bV5fOQDnTPPo6/view
2020,27.0,1F3qIpMT4TJLcMva_5lE9QkKF813MBINS,https://drive.google.com/file/d/1F3qIpMT4TJLcMva_5lE9QkKF813MBINS/view
2020,31.5,1JyZnBvWhKIftfTmjYI-hizjZ_rAfUfvU,https://drive.google.com/file/d/1JyZnBvWhKIftfTmjYI-hizjZ_rAfUfvU/view
2020,43.0,1lUqkoPG8fTZjBTWfTLOtJUbEoY-Ov6CJ,https://drive.google.com/file/d/1lUqkoPG8fTZjBTWfTLOtJUbEoY-Ov6CJ/view
2020,37.5,1yghJTUJ58p-eZkPL3RYRaQLtRsdRjjGn,https://drive.google.com/file/d/1yghJTUJ58p-eZkPL3RYRaQLtRsdRjjGn/view
2020,33.0,17tUcVOVo75kIKtlnv5nAneVY7Wnix2gf,https://drive.google.com/file/d/17tUcVOVo75kIKtlnv5nAneVY7Wnix2gf/view
2020,41.0,1ztTOUORNIol_GspXt7HYvVPZnEzzCM9x,https://drive.google.com/file/d/1ztTOUORNIol_GspXt7HYvVPZnEzzCM9x/view
2020,35.0,1qTb8ija0OF7NvpCuH_thMT1ltxM5a3jp,https://drive.google.com/file/d/1qTb8ija0OF7NvpCuH_thMT1ltxM5a3jp/view
2020,32.0,1CMstjUf9Mbn0Cjx0PPeqrr1g3TU597r9,https://drive.google.com/file/d/1CMstjUf9Mbn0Cjx0PPeqrr1g3TU597r9/view
2020,36.0,1P8SXMCtxaIFgCUGRFL7dlevMWsubkEv0,https://drive.google.com/file/d/1P8SXMCtxaIFgCUGRFL7dlevMWsubkEv0/view
2020,27.0,1qHEhsdeZXtB7EKVa-N9FBiQ5VirKLf1u,https://drive.google.com/file/d/1qHEhsdeZXtB7EKVa-N9FBiQ5VirKLf1u/view
2020,31.5,1jqvfqLAL3YCiY7VJmuEQZA7E-G0TCQyY,https://drive.google.com/file/d/1jqvfqLAL3YCiY7VJmuEQZA7E-G0TCQyY/view
2020,36.0,1xQ4ZnC-9tvuHWcF8mep2EF9XMpQuoPLY,https://drive.google.com/file/d/1xQ4ZnC-9tvuHWcF8mep2EF9XMpQuoPLY/view
2020,31.0,1gKPJ4sV9sMHPazERQyzYwe-NSzL3PFHM,https://drive.google.com/file/d/1gKPJ4sV9sMHPazERQyzYwe-NSzL3PFHM/view
2020,38.0,1AxeaJ1OVX6d36-1iXAAJSVYt-M6vPSCy,https://drive.google.com/file/d/1AxeaJ1OVX6d36-1iXAAJSVYt-M6vPSCy/view
2020,37.0,1oKD1yQWrn-c0YbcwnErykqihmc86nuaV,https://drive.google.com/file/d/1oKD1yQWrn-c0YbcwnErykqihmc86nuaV/view
2020,28.0,1lxwZhtNpfwaJcikWqOCLXi8JeoZtdXuy,https://drive.google.com/file/d/1lxwZhtNpfwaJcikWqOCLXi8JeoZtdXuy/view
2020,40.0,1D5qTaD1T7LWVW9DRHj3WE1E8tuf5iUWS,https://drive.google.com/file/d/1D5qTaD1T7LWVW9DRHj3WE1E8tuf5iUWS/view
2020,36.0,1ANarfeHVnrnc9lZGNI-GkTKEo-nZXUsY,https://drive.google.com/file/d/1ANarfeHVnrnc9lZGNI-GkTKEo-nZXUsY/view
2020,37.0,1DvYkSk6txSBphyyf-LugVd2_sk7aU24f,https://drive.google.com/file/d/1DvYkSk6txSBphyyf-LugVd2_sk7aU24f/view
2020,36.0,1QLfaC-ORxFjAAQS97rnTknKd_UlUcvQa,https://drive.google.com/file/d/1QLfaC-ORxFjAAQS97rnTknKd_UlUcvQa/view
2020,37.0,1b2_NHueMksrS643UmquQM1xg1ubrGw-3,https://drive.google.com/file/d/1b2_NHueMksrS643UmquQM1xg1ubrGw-3/view
2020,36.5,1gvqE2DET00-8HdxcXnjQLHn0lgj2KNUy,https://drive.google.com/file/d/1gvqE2DET00-8HdxcXnjQLHn0lgj2KNUy/view
2020,34.5,1snnTeY9DyvtxhLQX5I8jjGRfFgQ0KWMF,https://drive.google.com/file/d/1snnTeY9DyvtxhLQX5I8jjGRfFgQ0KWMF/view
2020,32.0,1psyJ3hAeDuF9g9LJGe9SXupBCJ4_-Zlo,https://drive.google.com/file/d/1psyJ3hAeDuF9g9LJGe9SXupBCJ4_-Zlo/view
2020,36.0,1jxa30qBgiZQZIWEyQaZn-tFRxhfH01gC,https://drive.google.com/file/d/1jxa30qBgiZQZIWEyQaZn-tFRxhfH01gC/view
2020,35.0,1ZjLFxQs5UaP7Z7xhWSPXyzGb55OKqF6P,https://drive.google.com/file/d/1ZjLFxQs5UaP7Z7xhWSPXyzGb55OKqF6P/view
2020,36.0,13wK5ias_1-v60uDk1hxiSiMaimfAD519,https://drive.google.com/file/d/13wK5ias_1-v60uDk1hxiSiMaimfAD519/view
2020,30.0,1SkieOzAc90q9tbjPlomDuwVt4vtZ3OJY,https://drive.google.com/file/d/1SkieOzAc90q9tbjPlomDuwVt4vtZ3OJY/view
2020,40.0,1lN8ZM84GOAY3S6qQ7-JbDsmDAA0XZwSw,https://drive.google.com/file/d/1lN8ZM84GOAY3S6qQ7-JbDsmDAA0XZwSw/view
2020,26.0,1zIbppHWBr8PAPW6VY-8c09x3RVHeeosa,https://drive.google.com/file/d/1zIbppHWBr8PAPW6VY-8c09x3RVHeeosa/view
2020,36.0,1B_00FsKdPeNroNwLmVdslFya5URcXGIQ,https://drive.google.com/file/d/1B_00FsKdPeNroNwLmVdslFya5URcXGIQ/view
2020,31.5,1RQhWlS5uhlCbEewmhPkboTZeyfZlXChu,https://drive.google.com/file/d/1RQhWlS5uhlCbEewmhPkboTZeyfZlXChu/view
2020,28.0,1u1KXQ03znKCw4Ay2HwRi95sMPoQM8pFf,https://drive.google.com/file/d/1u1KXQ03znKCw4Ay2HwRi95sMPoQM8pFf/view
2020,37.0,1rz_K2waPUZPymrX6697AE8AaKbzyXadP,https://drive.google.com/file/d/1rz_K2waPUZPymrX6697AE8AaKbzyXadP/view
2020,37.0,1HU6nlw1L7vf1EgsjRKwrtDA0s2yOL0Zm,https://drive.google.com/file/d/1HU6nlw1L7vf1EgsjRKwrtDA0s2yOL0Zm/view
2020,35.0,1PT9NUeNILW1EptKi6e_fPBiLbcnk1lQH,https://drive.google.com/file/d/1PT9NUeNILW1EptKi6e_fPBiLbcnk1lQH/view
2020,36.0,1E1kNBWEA4ra4yL5X6FNlWos8kfLe2fN8,https://drive.google.com/file/d/1E1kNBWEA4ra4yL5X6FNlWos8kfLe2fN8/view
2020,42.0,1PiPYbF4W4j-eYxNWEANgriZlTEBA7q9b,https://drive.google.com/file/d/1PiPYbF4W4j-eYxNWEANgriZlTEBA7q9b/view
2020,35.0,1lvUc5y9TaRNmyIRU4ZL2-cY7NqIrKq4w,https://drive.google.com/file/d/1lvUc5y9TaRNmyIRU4ZL2-cY7NqIrKq4w/view
2020,41.0,1yZK8F5YfrPlNTdeYNBlCbKJL-djyupce,https://drive.google.com/file/d/1yZK8F5YfrPlNTdeYNBlCbKJL-djyupce/view
2020,22.0,1KDlmtv4cXjOfDSLAUxTP0mPO--ZEsoYz,https://drive.google.com/file/d/1KDlmtv4cXjOfDSLAUxTP0mPO--ZEsoYz/view
2020,41.0,1uKRG24rWzPrDVQSwGQcDIdGWcyI6ZBry,https://drive.google.com/file/d/1uKRG24rWzPrDVQSwGQcDIdGWcyI6ZBry/view
2020,41.0,19DHOfANUEoYpqnWW41loIe0ltc5yuGbh,https://drive.google.com/file/d/19DHOfANUEoYpqnWW41loIe0ltc5yuGbh/view
2020,34.5,1LOGcVq4NgtqOk02BGbWmH8rK0TXLIGSr,https://drive.google.com/file/d/1LOGcVq4NgtqOk02BGbWmH8rK0TXLIGSr/view
2020,37.0,1QhQSs2RC-YUTzhfuT8Dev4kyv18msS3A,https://drive.google.com/file/d/1QhQSs2RC-YUTzhfuT8Dev4kyv18msS3A/view
2020,31.5,1hOH6g4JOyAHwBwqVgIIJHWDJtPHU1Kkw,https://drive.google.com/file/d/1hOH6g4JOyAHwBwqVgIIJHWDJtPHU1Kkw/view
2020,33.0,1Nmk5aKlOM-uU16RDgfTAlTWJOYxhrTzC,https://drive.google.com/file/d/1Nmk5aKlOM-uU16RDgfTAlTWJOYxhrTzC/view
2020,25.0,1YHD0zB0YAZpiOkWY0QuDoqMchkD2IoW9,https://drive.google.com/file/d/1YHD0zB0YAZpiOkWY0QuDoqMchkD2IoW9/view
2020,35.0,1so0t35P_K9Qpt6HRfo-7tc9VPjwmEtsf,https://drive.google.com/file/d/1so0t35P_K9Qpt6HRfo-7tc9VPjwmEtsf/view
2020,28.5,1UgEbSo8aO1Ta_V8POCd5LC-X89KI3uct,https://drive.google.com/file/d/1UgEbSo8aO1Ta_V8POCd5LC-X89KI3uct/view
2020,37.0,1Y1e9QOGa3iBRsYsD2f_OFwNmOL-ZPYcH,https://drive.google.com/file/d/1Y1e9QOGa3iBRsYsD2f_OFwNmOL-ZPYcH/view
2020,33.0,1QDCTgsR5gUQq3VGO0FpusIgD-u45dCiI,https://drive.google.com/file/d/1QDCTgsR5gUQq3VGO0FpusIgD-u45dCiI/view
2020,34.5,1zuT7F20avMwyDimt-uEVE-4PYy3fROCa,https://drive.google.com/file/d/1zuT7F20avMwyDimt-uEVE-4PYy3fROCa/view
2020,43.0,1B4JqYFFNBXoGCplKOzeL9c2Ssg85Gd01,https://drive.google.com/file/d/1B4JqYFFNBXoGCplKOzeL9c2Ssg85Gd01/view
2020,29.5,12NmbewgtNJYsHgxspiaSIi_IPR2L0EGK,https://drive.google.com/file/d/12NmbewgtNJYsHgxspiaSIi_IPR2L0EGK/view
2020,37.0,1psWJ7AOm0pm8pvVaP2kq-iyYR9NTDto3,https://drive.google.com/file/d/1psWJ7AOm0pm8pvVaP2kq-iyYR9NTDto3/view
2020,36.0,1mc5MVJaPepkmpQDT9X_NSWKklR2_y27e,https://drive.google.com/file/d/1mc5MVJaPepkmpQDT9X_NSWKklR2_y27e/view
2020,43.0,1ODfck0DBlc6dpVlgWUS4DVlNiRWCQwv1,https://drive.google.com/file/d/1ODfck0DBlc6dpVlgWUS4DVlNiRWCQwv1/view
2020,25.0,1ytUwfO5SkHR00_4zRbAZ6QI27qU439d4,https://drive.google.com/file/d/1ytUwfO5SkHR00_4zRbAZ6QI27qU439d4/view
2020,35.0,19nOxuzmrocaAZksAdvpj8bnPECTYCur5,https://drive.google.com/file/d/19nOxuzmrocaAZksAdvpj8bnPECTYCur5/view
2020,35.0,1L4hBgNzSAmW7jiIX02j-5r0lxAezNdoD,https://drive.google.com/file/d/1L4hBgNzSAmW7jiIX02j-5r0lxAezNdoD/view
2020,35.0,1TXpuOLeFd66gXCCPxOGP4fQuQXs0aZvg,https://drive.google.com/file/d/1TXpuOLeFd66gXCCPxOGP4fQuQXs0aZvg/view
2020,35.0,1QKId-X34qioAZmfz_JEeBH-MpQfGkdUg,https://drive.google.com/file/d/1QKId-X34qioAZmfz_JEeBH-MpQfGkdUg/view
2020,42.0,1ImxyI53w4Kbk54lt5LH16iHh-pQ6Dese,https://drive.google.com/file/d/1ImxyI53w4Kbk54lt5LH16iHh-pQ6Dese/view
2020,36.5,1xQozkp2UKTZLbY38skc3br9_BCjdko4-,https://drive.google.com/file/d/1xQozkp2UKTZLbY38skc3br9_BCjdko4-/view
2020,36.0,1T8hKJleMpnhnYFuTsi4_PK8h6BEzblYV,https://drive.google.com/file/d/1T8hKJleMpnhnYFuTsi4_PK8h6BEzblYV/view
2020,29.0,1ihvdjaFFXlmFcLvopmJRgUExzjSAxITy,https://drive.google.com/file/d/1ihvdjaFFXlmFcLvopmJRgUExzjSAxITy/view
2020,41.0,1Dl541SU4b2LYbS9hX9dvEJD569M5C1Ft,https://drive.google.com/file/d/1Dl541SU4b2LYbS9hX9dvEJD569M5C1Ft/view
2020,24.0,1IX0_rWVmTQVt2s7uvmE76CCdc2OSV8zt,https://drive.google.com/file/d/1IX0_rWVmTQVt2s7uvmE76CCdc2OSV8zt/view
2020,29.33,1LX0H4UVOVYCZTL9P4hyLKKSY6oOA_F0A,https://drive.google.com/file/d/1LX0H4UVOVYCZTL9P4hyLKKSY6oOA_F0A/view
2020,36.0,19fx0MraCkUHh9ZWPb1GieEryHxb9T7LT,https://drive.google.com/file/d/19fx0MraCkUHh9ZWPb1GieEryHxb9T7LT/view
2020,28.0,10dVu3Id8jBux_F1-WQuPe2yPCpp7cNTZ,https://drive.google.com/file/d/10dVu3Id8jBux_F1-WQuPe2yPCpp7cNTZ/view
2020,33.0,1tXybqwO4tzRTwbb3xCz9eUhH3Bih0gJG,https://drive.google.com/file/d/1tXybqwO4tzRTwbb3xCz9eUhH3Bih0gJG/view
2020,40.0,1l3b5AfSPWl0_fmv1gTAxZ7R79vAyKeCq,https://drive.google.com/file/d/1l3b5AfSPWl0_fmv1gTAxZ7R79vAyKeCq/view
2020,41.5,10o4b_Oax0nWD4SiG4xIB8EsD9hvv-bxg,https://drive.google.com/file/d/10o4b_Oax0nWD4SiG4xIB8EsD9hvv-bxg/view
2020,30.0,142N-Oy1HW6iOyaQYUiJbGJBxcZsQC9Bi,https://drive.google.com/file/d/142N-Oy1HW6iOyaQYUiJbGJBxcZsQC9Bi/view
2020,39.5,1LDsMllu2aiDPzz7MWoEY2oeb7ltEOcUf,https://drive.google.com/file/d/1LDsMllu2aiDPzz7MWoEY2oeb7ltEOcUf/view
2020,33.0,1JM3CFcru-yytVBjHF_O41FL-Lf6OCE0X,https://drive.google.com/file/d/1JM3CFcru-yytVBjHF_O41FL-Lf6OCE0X/view
2020,32.0,1K_UnPjrLQL3xyDILbGFbtXkQMO1pIHjF,https://drive.google.com/file/d/1K_UnPjrLQL3xyDILbGFbtXkQMO1pIHjF/view
2020,34.0,1Ht3H-nRm2LzKE5w4cSs1GqLrCn9b_KZy,https://drive.google.com/file/d/1Ht3H-nRm2LzKE5w4cSs1GqLrCn9b_KZy/view
2020,33.0,1DGpmwCv2U7gWPlDAtq6TXmeyFiNS6phZ,https://drive.google.com/file/d/1DGpmwCv2U7gWPlDAtq6TXmeyFiNS6phZ/view
2020,38.5,1ITNlfnhzGaHnTzXGXNXDUQjwfoLvr0LT,https://drive.google.com/file/d/1ITNlfnhzGaHnTzXGXNXDUQjwfoLvr0LT/view
2020,33.0,17687Il-_ghG4OXfV2kY_Cugl-mE0oW3q,https://drive.google.com/file/d/17687Il-_ghG4OXfV2kY_Cugl-mE0oW3q/view
2020,40.0,1JHJRAWwLz7VeYRhfjaz8ml6o4awUOoWP,https://drive.google.com/file/d/1JHJRAWwLz7VeYRhfjaz8ml6o4awUOoWP/view
2020,40.0,1lwsKGMtiSZtqW4ROnSf9EaJLbdPkOUCB,https://drive.google.com/file/d/1lwsKGMtiSZtqW4ROnSf9EaJLbdPkOUCB/view
2020,40.0,16SBPdG7T3bMNiJG5S5KypD_Ig_2v9Mq-,https://drive.google.com/file/d/16SBPdG7T3bMNiJG5S5KypD_Ig_2v9Mq-/view
2020,41.0,1yraRK3VurU7RBWnNMEmjTgSXtNq9MlCZ,https://drive.google.com/file/d/1yraRK3VurU7RBWnNMEmjTgSXtNq9MlCZ/view
2020,37.33,1pXDcUuwAlMcQD9Mov4fBzlazoxhUoSFN,https://drive.google.com/file/d/1pXDcUuwAlMcQD9Mov4fBzlazoxhUoSFN/view
2020,34.0,10NmxvEzWJE7kW8gRt7NpgHz6IlrYsQ-3,https://drive.google.com/file/d/10NmxvEzWJE7kW8gRt7NpgHz6IlrYsQ-3/view
2020,31.0,1DObQNN4D3QH1RZjm3aS1f-mZzd6ou3ao,https://drive.google.com/file/d/1DObQNN4D3QH1RZjm3aS1f-mZzd6ou3ao/view
2019,42.0,1FJioAB0y3kuTgtM4t_yJhHppiJYk0-jT,https://drive.google.com/file/d/1FJioAB0y3kuTgtM4t_yJhHppiJYk0-jT/view
2019,35.0,1pYqw42zDwE2zen8Lq46wIBvseK4SgnnB,https://drive.google.com/file/d/1pYqw42zDwE2zen8Lq46wIBvseK4SgnnB/view
2019,38.0,1YZeE7Tu8D6cFA3F3G810Qk69lJQaXGMM,https://drive.google.com/file/d/1YZeE7Tu8D6cFA3F3G810Qk69lJQaXGMM/view
2019,33.0,1NIfdooTWJL9oPcy6emafkgNhlUa2mVF-,https://drive.google.com/file/d/1NIfdooTWJL9oPcy6emafkgNhlUa2mVF-/view
2019,25.0,1-DTvtscVuljVKI2uTXphAu-PICUbObfQ,https://drive.google.com/file/d/1-DTvtscVuljVKI2uTXphAu-PICUbObfQ/view
2019,37.0,1RfOT9poVYvACwFYFw_EU-L-e7sbeFjA7,https://drive.google.com/file/d/1RfOT9poVYvACwFYFw_EU-L-e7sbeFjA7/view
2019,40.0,1YXnnCZnSED7SBcYNxedR_Ian9q2TxwjW,https://drive.google.com/file/d/1YXnnCZnSED7SBcYNxedR_Ian9q2TxwjW/view
2019,42.0,10n_pkzsoMpyjdUFKF9_1zTDyPXlf-JUp,https://drive.google.com/file/d/10n_pkzsoMpyjdUFKF9_1zTDyPXlf-JUp/view
2019,41.0,1JYnjsWSKlZGozjUZIb0j9CVbM1LlcthL,https://drive.google.com/file/d/1JYnjsWSKlZGozjUZIb0j9CVbM1LlcthL/view
2019,40.0,1EmEBiQVaFIkl9GVqOSRiEp4fOFi2vcz3,https://drive.google.com/file/d/1EmEBiQVaFIkl9GVqOSRiEp4fOFi2vcz3/view
2019,45.0,1DK1wZ-lR2UwRa2pe811NKhUckpLTci_b,https://drive.google.com/file/d/1DK1wZ-lR2UwRa2pe811NKhUckpLTci_b/view
2019,36.0,1UN6Rk11r-a1dsC2gBg3nTBrImeS7NO84,https://drive.google.com/file/d/1UN6Rk11r-a1dsC2gBg3nTBrImeS7NO84/view
2019,25.0,1DG5_uhoRyjiXJFOCmDs07kNIY-OMDKki,https://drive.google.com/file/d/1DG5_uhoRyjiXJFOCmDs07kNIY-OMDKki/view
2019,30.0,15LYQCrDMzDo5729N-mEQRC6Od1S0Ez1p,https://drive.google.com/file/d/15LYQCrDMzDo5729N-mEQRC6Od1S0Ez1p/view
2019,46.0,1bicJTbJPb7fSEwMXeti5qOJBpvn-M6OT,https://drive.google.com/file/d/1bicJTbJPb7fSEwMXeti5qOJBpvn-M6OT/view
2019,35.0,13KOCrr_RqkbVTGTNaV_3r3gTLdeWkzhJ,https://drive.google.com/file/d/13KOCrr_RqkbVTGTNaV_3r3gTLdeWkzhJ/view
2019,35.0,1xSpq371TtcFOTQ43nVMifg6bdEP1oOnt,https://drive.google.com/file/d/1xSpq371TtcFOTQ43nVMifg6bdEP1oOnt/view
2019,48.0,1pm7vmJgfny3dXAVtdxNmUVBwpmT53tFd,https://drive.google.com/file/d/1pm7vmJgfny3dXAVtdxNmUVBwpmT53tFd/view
2019,38.0,1kVxqdX3VJ8xtwAe9PF5NCdLyZC3QaWkD,https://drive.google.com/file/d/1kVxqdX3VJ8xtwAe9PF5NCdLyZC3QaWkD/view
2019,50.0,1NAZggZamo__21wwHDm7ZKT_cnZwrdTqO,https://drive.google.com/file/d/1NAZggZamo__21wwHDm7ZKT_cnZwrdTqO/view
2019,30.0,1BXSLhe9-JQrCIBt0hyN8iID-KT32epi3,https://drive.google.com/file/d/1BXSLhe9-JQrCIBt0hyN8iID-KT32epi3/view
2019,30.0,1Rj5E0uZiFxCixLzQ-OHogBQJMHTvYoTz,https://drive.google.com/file/d/1Rj5E0uZiFxCixLzQ-OHogBQJMHTvYoTz/view
2019,45.0,1a6NtgvKTau_0icC_0Bst8A2UDJz_k6Ya,https://drive.google.com/file/d/1a6NtgvKTau_0icC_0Bst8A2UDJz_k6Ya/view
2019,40.0,1K78Ybr4eKuf0QStJOyKP_sM9hSX4Qbs-,https://drive.google.com/file/d/1K78Ybr4eKuf0QStJOyKP_sM9hSX4Qbs-/view
2019,35.0,1AO2erMOU9oPomph09_fwXg73PO0zGuNm,https://drive.google.com/file/d/1AO2erMOU9oPomph09_fwXg73PO0zGuNm/view
2019,30.0,1o6xgnuw-Oin043gSr9tl66rqjsyEfH1b,https://drive.google.com/file/d/1o6xgnuw-Oin043gSr9tl66rqjsyEfH1b/view
2019,40.0,1QxwnC7lRJNdWG8VHcgGIFiwEgvumglDs,https://drive.google.com/file/d/1QxwnC7lRJNdWG8VHcgGIFiwEgvumglDs/view
2019,38.0,1W7ThT5NwhBw0S7ZKrt5Q0r3P0yKAkc2B,https://drive.google.com/file/d/1W7ThT5NwhBw0S7ZKrt5Q0r3P0yKAkc2B/view
2019,47.0,1B9TUmIT_23DROVS7LDyaxKV7nGgY4g7W,https://drive.google.com/file/d/1B9TUmIT_23DROVS7LDyaxKV7nGgY4g7W/view
2019,35.0,1_CvW_Kz4x0ROdP0DQcSYh_YGtjfRaA9F,https://drive.google.com/file/d/1_CvW_Kz4x0ROdP0DQcSYh_YGtjfRaA9F/view
2019,27.0,1B3Gf7sUZh9SOANn673oAqeTX5T9-tQ7U,https://drive.google.com/file/d/1B3Gf7sUZh9SOANn673oAqeTX5T9-tQ7U/view
2021,43.5,1NYxF2QcR2PE0io5jD269USn6bwAiQbD6,https://drive.google.com/file/d/1NYxF2QcR2PE0io5jD269USn6bwAiQbD6/view
2021,43.5,1pHJ1Rf2_9YT2CsFvlizWeKj5UXuPVYKg,https://drive.google.com/file/d/1pHJ1Rf2_9YT2CsFvlizWeKj5UXuPVYKg/view
2021,31.5,1hVdyzCvEoCMPrIaUR_WTmDhCVcv-gZt0,https://drive.google.com/file/d/1hVdyzCvEoCMPrIaUR_WTmDhCVcv-gZt0/view
2021,28.5,1Cfdywdkq-ejcNTBdzkDOucmatJFXUdC3,https://drive.google.com/file/d/1Cfdywdkq-ejcNTBdzkDOucmatJFXUdC3/view
2021,43.0,1TkQ4j0xEX_IzfRbFVF2HCxbrFvaOdoN7,https://drive.google.com/file/d/1TkQ4j0xEX_IzfRbFVF2HCxbrFvaOdoN7/view
2021,40.0,1MiPiuq8tObP4x0CqCsk7Gv3OSeMi9xg5,https://drive.google.com/file/d/1MiPiuq8tObP4x0CqCsk7Gv3OSeMi9xg5/view
2021,47.0,1gl_LntCap9O4ke1vYUyaoSZAbkjbR28C,https://drive.google.com/file/d/1gl_LntCap9O4ke1vYUyaoSZAbkjbR28C/view
2021,46.5,1vIBBducJkrQ8urV0wHm4U8IO6eOWKUu8,https://drive.google.com/file/d/1vIBBducJkrQ8urV0wHm4U8IO6eOWKUu8/view
2021,33.5,1cRTG2xTUnvkD0KzKcoAV2O72yVk-Gug5,https://drive.google.com/file/d/1cRTG2xTUnvkD0KzKcoAV2O72yVk-Gug5/view
2021,38.67,1ZR8NVdxLY-y_4-q3Ij1g4OtrUsbCrL_c,https://drive.google.com/file/d/1ZR8NVdxLY-y_4-q3Ij1g4OtrUsbCrL_c/view
2021,26.0,14RHpyoRHY1gm_zy32TMjfl8OwOJiM8Qt,https://drive.google.com/file/d/14RHpyoRHY1gm_zy32TMjfl8OwOJiM8Qt/view
2021,46.0,1X1Pg1x4unUouEsp_UmlvJdutK8b5vrs0,https://drive.google.com/file/d/1X1Pg1x4unUouEsp_UmlvJdutK8b5vrs0/view
2021,33.0,1ph1IVWeHbuHXmaJkm3czYK3AcwUOr5oV,https://drive.google.com/file/d/1ph1IVWeHbuHXmaJkm3czYK3AcwUOr5oV/view
2021,45.0,14X55iT7h7LDim5l72SB66IEOR6CJIs7V,https://drive.google.com/file/d/14X55iT7h7LDim5l72SB66IEOR6CJIs7V/view
2021,41.5,1lFDfp7pXVRoUPceUPb1i_47Eh34A1mXg,https://drive.google.com/file/d/1lFDfp7pXVRoUPceUPb1i_47Eh34A1mXg/view
2021,45.0,1gLpcc-aPPjAM-lhxkmcShkOxCnVr5B3M,https://drive.google.com/file/d/1gLpcc-aPPjAM-lhxkmcShkOxCnVr5B3M/view
2021,34.5,18zTfMxy5cJtrkDbXpGbpSPVNQ3AOCy7-,https://drive.google.com/file/d/18zTfMxy5cJtrkDbXpGbpSPVNQ3AOCy7-/view
2021,40.0,1Ik9Gb1pCREZFPAOT0xEU2Mrae6VEy2ch,https://drive.google.com/file/d/1Ik9Gb1pCREZFPAOT0xEU2Mrae6VEy2ch/view
2021,31.5,1cYqblM20ladWvBRfavPjL47Of44_r1IQ,https://drive.google.com/file/d/1cYqblM20ladWvBRfavPjL47Of44_r1IQ/view
2021,43.0,1AkLV0vahQNLP25kg3hXtGsPyGTqxPfqd,https://drive.google.com/file/d/1AkLV0vahQNLP25kg3hXtGsPyGTqxPfqd/view
2021,29.5,1BLdXGfL7nQzg9u25yHrqy9GlIC3c8vaN,https://drive.google.com/file/d/1BLdXGfL7nQzg9u25yHrqy9GlIC3c8vaN/view
2021,35.0,1v1fbbkRJshtAkuvHjUhq0i_4I13NnLLm,https://drive.google.com/file/d/1v1fbbkRJshtAkuvHjUhq0i_4I13NnLLm/view
2021,36.0,1UBiYG7Is7-VTG9whIUnZOPk5dszD6VLp,https://drive.google.com/file/d/1UBiYG7Is7-VTG9whIUnZOPk5dszD6VLp/view
2021,21.0,1WFFoA4XkFHhmVKoEU-vAbu79-2htNgqV,https://drive.google.com/file/d/1WFFoA4XkFHhmVKoEU-vAbu79-2htNgqV/view
2021,45.0,1vsjAo3iIPkBgPBx0C2hlpnrSmrYPvJD-,https://drive.google.com/file/d/1vsjAo3iIPkBgPBx0C2hlpnrSmrYPvJD-/view
2021,43.0,1llYEOCtUTnA_aMWRlBAcqT4JW3lBtYXB,https://drive.google.com/file/d/1llYEOCtUTnA_aMWRlBAcqT4JW3lBtYXB/view
2021,34.5,1lphNm1gw0UbX8DnyjQy15kGPV4RiP1Q5,https://drive.google.com/file/d/1lphNm1gw0UbX8DnyjQy15kGPV4RiP1Q5/view
2021,38.0,1Sg25gAf9BFoQbncNYzT3PnSUmFdi5dU8,https://drive.google.com/file/d/1Sg25gAf9BFoQbncNYzT3PnSUmFdi5dU8/view
2021,35.0,1xSUm6toze4zD7Wj3WsZWxqCqO9pgZNPS,https://drive.google.com/file/d/1xSUm6toze4zD7Wj3WsZWxqCqO9pgZNPS/view
2021,46.5,1025jdh6xFaeywjgDwvHdtHF-hSOu72Ug,https://drive.google.com/file/d/1025jdh6xFaeywjgDwvHdtHF-hSOu72Ug/view
2021,38.0,1oe1T94W7J4_Co-HzFariefpB0M5dApfD,https://drive.google.com/file/d/1oe1T94W7J4_Co-HzFariefpB0M5dApfD/view
2021,31.5,1fyIU76MH7WRQyYndYfreiQ2fKmRSdr2j,https://drive.google.com/file/d/1fyIU76MH7WRQyYndYfreiQ2fKmRSdr2j/view
2021,36.0,1f2qZmWTerH_f0mBXa-1Wii5bYExf83S5,https://drive.google.com/file/d/1f2qZmWTerH_f0mBXa-1Wii5bYExf83S5/view
2021,36.5,1-F_UXbulfaumW8U5RXq-8c6KnlDIKFv0,https://drive.google.com/file/d/1-F_UXbulfaumW8U5RXq-8c6KnlDIKFv0/view
2021,38.0,1TVBZ8z9fq_49AIVAIm9DjcQguUO5nLbx,https://drive.google.com/file/d/1TVBZ8z9fq_49AIVAIm9DjcQguUO5nLbx/view
2021,30.0,1Id7CcUB2xJANzxJ4RuexWtYUUj4F86Ib,https://drive.google.com/file/d/1Id7CcUB2xJANzxJ4RuexWtYUUj4F86Ib/view
2021,39.5,1dKKoHPyoRNjACVDd3knGA3SQ5LzZ4vme,https://drive.google.com/file/d/1dKKoHPyoRNjACVDd3knGA3SQ5LzZ4vme/view
2021,35.0,1aGZpewJXbdjFfXRLLAXLTN7ad8sJ1GGM,https://drive.google.com/file/d/1aGZpewJXbdjFfXRLLAXLTN7ad8sJ1GGM/view
2021,32.0,1TVxurBzOQTMxlPn58jxSMTINn8rDd90N,https://drive.google.com/file/d/1TVxurBzOQTMxlPn58jxSMTINn8rDd90N/view
2021,43.5,1-aXV_I8r-6khGmCA38fQJZ9BFNUxXmjk,https://drive.google.com/file/d/1-aXV_I8r-6khGmCA38fQJZ9BFNUxXmjk/view
2021,29.0,1EjU_do-eUI5Fd7DA2zqrL5jozT0aebCR,https://drive.google.com/file/d/1EjU_do-eUI5Fd7DA2zqrL5jozT0aebCR/view
2020,27.0,1M840XbKORfNunpWY2dgKYM9QAhL35v3g,https://drive.google.com/file/d/1M840XbKORfNunpWY2dgKYM9QAhL35v3g/view
2021,34.5,18s3S6JNdA1m7NWprBxIK6jeBRlcQKcdG,https://drive.google.com/file/d/18s3S6JNdA1m7NWprBxIK6jeBRlcQKcdG/view
2021,45.0,1PZ2D-pEalvNkvExL2LAQ2oNlRpQ67Q3e,https://drive.google.com/file/d/1PZ2D-pEalvNkvExL2LAQ2oNlRpQ67Q3e/view
2021,40.67,1t5Wy5wPEpMoW0seZmHeM_5_WsnxWIFQC,https://drive.google.com/file/d/1t5Wy5wPEpMoW0seZmHeM_5_WsnxWIFQC/view
2021,33.0,1SK34vqrTk4b5QwLvY8-Wc85YWoWdNtuO,https://drive.google.com/file/d/1SK34vqrTk4b5QwLvY8-Wc85YWoWdNtuO/view
2021,29.5,1QNje5onzzN2HFTThG0ViKZcTCmu4cptX,https://drive.google.com/file/d/1QNje5onzzN2HFTThG0ViKZcTCmu4cptX/view
2021,43.5,18nUeFIXPJC5RpWIwR4qVmhxCb71JsoqA,https://drive.google.com/file/d/18nUeFIXPJC5RpWIwR4qVmhxCb71JsoqA/view
2021,42.0,1-e8EdBRG81QMffo3NUWiremCe3bgNksW,https://drive.google.com/file/d/1-e8EdBRG81QMffo3NUWiremCe3bgNksW/view
2021,32.0,1skSG-1NqtzfSpQbAJlFEvLnrWm-u6sBY,https://drive.google.com/file/d/1skSG-1NqtzfSpQbAJlFEvLnrWm-u6sBY/view
2021,36.5,1nFo9rtAUHOurEa5Ct6k7LRDtwWeee8P6,https://drive.google.com/file/d/1nFo9rtAUHOurEa5Ct6k7LRDtwWeee8P6/view
2021,46.0,1g_WK2dgY8lePXUR3pzdMliNFvtMbHEvL,https://drive.google.com/file/d/1g_WK2dgY8lePXUR3pzdMliNFvtMbHEvL/view
2021,32.0,1rVgdN22311X78E35ZnWbkBuWAR5os0P-,https://drive.google.com/file/d/1rVgdN22311X78E35ZnWbkBuWAR5os0P-/view
2021,36.5,1_ix1ssD6R6k6fbkaNl0MiGQsZpFeOoIz,https://drive.google.com/file/d/1_ix1ssD6R6k6fbkaNl0MiGQsZpFeOoIz/view
2021,39.5,1mmHNNSDelK7BvB3m0tl04ci3drnzhaHq,https://drive.google.com/file/d/1mmHNNSDelK7BvB3m0tl04ci3drnzhaHq/view
2021,30.0,1ihsWsy15O-2sx3JDOEafeZ10WZzG2FBn,https://drive.google.com/file/d/1ihsWsy15O-2sx3JDOEafeZ10WZzG2FBn/view
2021,36.5,1TLGZvlBgmnUlFsr0r8Bgc2ZAERcMwtzs,https://drive.google.com/file/d/1TLGZvlBgmnUlFsr0r8Bgc2ZAERcMwtzs/view
2021,33.5,16InmK6JqEN6FhU-dfZFrYjuge193Vcbu,https://drive.google.com/file/d/16InmK6JqEN6FhU-dfZFrYjuge193Vcbu/view
2021,31.0,1uNFmLbkA91bvzTG6yJN7fM9rK4B0ruzL,https://drive.google.com/file/d/1uNFmLbkA91bvzTG6yJN7fM9rK4B0ruzL/view
2021,41.5,1MdmFGPzhEdcxw61mmFPZV77HZgZNrkh8,https://drive.google.com/file/d/1MdmFGPzhEdcxw61mmFPZV77HZgZNrkh8/view
2021,40.0,1PTdR_HpHy3B8mVB1CxtUJTreA_mLEQy9,https://drive.google.com/file/d/1PTdR_HpHy3B8mVB1CxtUJTreA_mLEQy9/view
2021,39.5,1R1BEImufc0lhnfw0r3qQmXEkzjNzLQzC,https://drive.google.com/file/d/1R1BEImufc0lhnfw0r3qQmXEkzjNzLQzC/view
2021,37.5,1MVPRF9YASnwo0bohNhRtweB_Fd8RwK74,https://drive.google.com/file/d/1MVPRF9YASnwo0bohNhRtweB_Fd8RwK74/view
2021,38.0,1zQzynjjSYW0iI78u0BMHYf-YV0coeAMC,https://drive.google.com/file/d/1zQzynjjSYW0iI78u0BMHYf-YV0coeAMC/view
2021,28.0,1FLiN_VHm6DfopSFQ3a6FfoA3X2F9uPIN,https://drive.google.com/file/d/1FLiN_VHm6DfopSFQ3a6FfoA3X2F9uPIN/view
2021,36.5,1dnLbtNkUBzXyHHKWB-F7_wYEEBD8phAS,https://drive.google.com/file/d/1dnLbtNkUBzXyHHKWB-F7_wYEEBD8phAS/view
2021,38.0,1H9-qlF5NV90Ub6lwNCzyeBcgy634h0Oc,https://drive.google.com/file/d/1H9-qlF5NV90Ub6lwNCzyeBcgy634h0Oc/view
2021,35.0,1xXplKvP014rpOEufxjPOrkVSP2lAPvtT,https://drive.google.com/file/d/1xXplKvP014rpOEufxjPOrkVSP2lAPvtT/view
2021,36.5,19vwWqx18ahcpb3u-rWRigY-4EHNKkihK,https://drive.google.com/file/d/19vwWqx18ahcpb3u-rWRigY-4EHNKkihK/view
2021,45.0,1_DGZb14KrSlqKxqrJPkpNRYGe2Q68HWa,https://drive.google.com/file/d/1_DGZb14KrSlqKxqrJPkpNRYGe2Q68HWa/view
2021,29.5,1VFj6ofDZfS8UyQEgjuURGePbM47EEw8x,https://drive.google.com/file/d/1VFj6ofDZfS8UyQEgjuURGePbM47EEw8x/view
2021,34.5,1QojshsoRj7w_9MhQ4oMWIONcgvRx_xwz,https://drive.google.com/file/d/1QojshsoRj7w_9MhQ4oMWIONcgvRx_xwz/view
2021,29.5,1rkLrLsEhWjzekNMqWghQKvd9ERHLBCJ_,https://drive.google.com/file/d/1rkLrLsEhWjzekNMqWghQKvd9ERHLBCJ_/view
2021,43.0,1SK2dHppogT6-JgTiBUpGMPmfdLsogzIh,https://drive.google.com/file/d/1SK2dHppogT6-JgTiBUpGMPmfdLsogzIh/view
2021,43.0,1OaxabyC0uVd0bus0etvNgp-tph9ZHXY3,https://drive.google.com/file/d/1OaxabyC0uVd0bus0etvNgp-tph9ZHXY3/view
2021,48.5,1rtXfPH1B94MDJIDB4IWnEqC3E3kEfuis,https://drive.google.com/file/d/1rtXfPH1B94MDJIDB4IWnEqC3E3kEfuis/view
2021,41.0,1Lq0oM8XAnVmshOq4c5Kj2md4ewNzrI_e,https://drive.google.com/file/d/1Lq0oM8XAnVmshOq4c5Kj2md4ewNzrI_e/view
2021,31.5,1gNRt0HdC2O1s66NJHrg7yt4DUxNKZez0,https://drive.google.com/file/d/1gNRt0HdC2O1s66NJHrg7yt4DUxNKZez0/view
2021,31.5,1VVfcrAhsatfHozr0-IQ9DDUeXsc3r-6R,https://drive.google.com/file/d/1VVfcrAhsatfHozr0-IQ9DDUeXsc3r-6R/view
2021,41.0,1DaU986OlcIQgvxRGH0H0RxyL2MhVDEEW,https://drive.google.com/file/d/1DaU986OlcIQgvxRGH0H0RxyL2MhVDEEW/view
2021,33.0,1RFvjT-lV5ViIBlCCk9IHIaZRh3chKAjo,https://drive.google.com/file/d/1RFvjT-lV5ViIBlCCk9IHIaZRh3chKAjo/view
2021,26.5,1-8jF4kE2qhbdiBaYmOxsZs3nv476QkJC,https://drive.google.com/file/d/1-8jF4kE2qhbdiBaYmOxsZs3nv476QkJC/view
2021,33.5,1HLbywxq0xNGzGbI167Ltcxn1ThQv17sx,https://drive.google.com/file/d/1HLbywxq0xNGzGbI167Ltcxn1ThQv17sx/view
2021,35.0,1RRw4ZIbu8_L9lOPhwJWhzI_JXNzwInlM,https://drive.google.com/file/d/1RRw4ZIbu8_L9lOPhwJWhzI_JXNzwInlM/view
2021,44.5,1h5d2sNaH0pil0tDDGl_znAIiX9X4EHSV,https://drive.google.com/file/d/1h5d2sNaH0pil0tDDGl_znAIiX9X4EHSV/view
2021,40.0,17WLuP0_sgQdNPpNZEZV1RhF9MntN-vcx,https://drive.google.com/file/d/17WLuP0_sgQdNPpNZEZV1RhF9MntN-vcx/view
2021,35.0,14jtoVnV2snCznL4iNdCZv9bvfwI-2p20,https://drive.google.com/file/d/14jtoVnV2snCznL4iNdCZv9bvfwI-2p20/view
2021,43.0,1_WMUhIocu-eshe7rcsmLeFER6QJyFpQt,https://drive.google.com/file/d/1_WMUhIocu-eshe7rcsmLeFER6QJyFpQt/view
2021,39.5,1_00XuAEG_Sq0xjJ6WqgzS_tuPoggjrxc,https://drive.google.com/file/d/1_00XuAEG_Sq0xjJ6WqgzS_tuPoggjrxc/view
2021,29.0,14fDJIQ8R30151_F1I8Kvb778xEo9GFMt,https://drive.google.com/file/d/14fDJIQ8R30151_F1I8Kvb778xEo9GFMt/view
2021,39.5,1ONPTMBw_QtOyYM5YgDROSoYIs7CsNrb_,https://drive.google.com/file/d/1ONPTMBw_QtOyYM5YgDROSoYIs7CsNrb_/view
2021,29.67,1c_hseKoVQoLhHGCuk6hu2YSEZC6Izrls,https://drive.google.com/file/d/1c_hseKoVQoLhHGCuk6hu2YSEZC6Izrls/view
2021,33.0,1S-r8zbY6xHv1fvA8UaV8wGicmHdM-FiK,https://drive.google.com/file/d/1S-r8zbY6xHv1fvA8UaV8wGicmHdM-FiK/view
2021,44.5,1dOvlIjPdzmQ0mZ5i7J_fF5dYf-Fy24-8,https://drive.google.com/file/d/1dOvlIjPdzmQ0mZ5i7J_fF5dYf-Fy24-8/view
2021,31.5,19VlttRI3VFlFhttgm5En9lmOl_3PB6Il,https://drive.google.com/file/d/19VlttRI3VFlFhttgm5En9lmOl_3PB6Il/view
2021,38.0,16w6_lQ_B5iBIZfiJ7AcbhVvPfB8UIsxb,https://drive.google.com/file/d/16w6_lQ_B5iBIZfiJ7AcbhVvPfB8UIsxb/view
2021,43.0,1-18WQa1wVvV8HdAjYfPmf6itos1ngbBZ,https://drive.google.com/file/d/1-18WQa1wVvV8HdAjYfPmf6itos1ngbBZ/view
2021,46.5,1AvyS6xzbLI_cjwBlO-rRVNq-rdG5-tcx,https://drive.google.com/file/d/1AvyS6xzbLI_cjwBlO-rRVNq-rdG5-tcx/view
2021,34.5,1cLDv39dzXKUSJYb-7AxoWPTmWQACkob8,https://drive.google.com/file/d/1cLDv39dzXKUSJYb-7AxoWPTmWQACkob8/view
2021,41.0,1ighuEudXJRzy6Xq3i-zb5kEA_sexnyfy,https://drive.google.com/file/d/1ighuEudXJRzy6Xq3i-zb5kEA_sexnyfy/view
2021,45.0,1Ko-vhC8sH6TMW8lsjgO3pDZMhMeLDh7d,https://drive.google.com/file/d/1Ko-vhC8sH6TMW8lsjgO3pDZMhMeLDh7d/view
2021,36.5,1CJJtYyAI8WtEsktrDZ4kBBJIHVjc38Kj,https://drive.google.com/file/d/1CJJtYyAI8WtEsktrDZ4kBBJIHVjc38Kj/view
2021,46.5,1f2ObbrYStQRVITRaeLV7jqE4QSl73yOI,https://drive.google.com/file/d/1f2ObbrYStQRVITRaeLV7jqE4QSl73yOI/view
2021,41.5,1pU2vizr3XU-Calaw32PHmFMUZt-Wxvc-,https://drive.google.com/file/d/1pU2vizr3XU-Calaw32PHmFMUZt-Wxvc-/view
2021,35.0,14zBy9enHe7XdiZYuHAY2ag5h8AlhGdz9,https://drive.google.com/file/d/14zBy9enHe7XdiZYuHAY2ag5h8AlhGdz9/view
2021,40.0,1JZL-GKYRcXt0b-3rRgZPcOkNz7QDDEzC,https://drive.google.com/file/d/1JZL-GKYRcXt0b-3rRgZPcOkNz7QDDEzC/view
2021,32.0,1YhZ07S3aYjIzR_1YHQJH6M-39j31OibK,https://drive.google.com/file/d/1YhZ07S3aYjIzR_1YHQJH6M-39j31OibK/view
2021,31.5,1-HuXzrQjID3M5_RnJ4eI1BxYLpaq3m_T,https://drive.google.com/file/d/1-HuXzrQjID3M5_RnJ4eI1BxYLpaq3m_T/view
2021,41.5,1janrwtbmjeC_q0oVwPMECUUUCE8Si13z,https://drive.google.com/file/d/1janrwtbmjeC_q0oVwPMECUUUCE8Si13z/view
2021,44.5,1Gh_phe_n24UnW7QYrdzV2qgoH3rLRLE8,https://drive.google.com/file/d/1Gh_phe_n24UnW7QYrdzV2qgoH3rLRLE8/view
2021,38.0,109yls6ZYwLY4Fy41j4HA5LrwaKT1q5ls,https://drive.google.com/file/d/109yls6ZYwLY4Fy41j4HA5LrwaKT1q5ls/view
2021,38.0,1R6qAgqxuvsK23H9wNdPm2-YMv6L1TsJa,https://drive.google.com/file/d/1R6qAgqxuvsK23H9wNdPm2-YMv6L1TsJa/view
2021,41.5,11yFrbjHTK9-sFqXNGbgwTwxfm7XbbeOq,https://drive.google.com/file/d/11yFrbjHTK9-sFqXNGbgwTwxfm7XbbeOq/view
2021,38.0,1bmd3zrnzOsdz-nTDYahu-VHtFoj3DZCk,https://drive.google.com/file/d/1bmd3zrnzOsdz-nTDYahu-VHtFoj3DZCk/view
2021,33.0,15Crwcjp87VueAUQCowk-qKTrQKRwndvw,https://drive.google.com/file/d/15Crwcjp87VueAUQCowk-qKTrQKRwndvw/view
2021,26.5,1p16gvVLDAQMXx6SwYO6_LnONlhAqy8Lh,https://drive.google.com/file/d/1p16gvVLDAQMXx6SwYO6_LnONlhAqy8Lh/view
2021,35.0,1sGCwBoVCLkB5o0FL9j9hAcFswZKtz8OF,https://drive.google.com/file/d/1sGCwBoVCLkB5o0FL9j9hAcFswZKtz8OF/view
2021,40.0,1gDyQ7lWQw7AozjIS4LD7zDsI4wIfnnp-,https://drive.google.com/file/d/1gDyQ7lWQw7AozjIS4LD7zDsI4wIfnnp-/view
2021,42.0,14SrRwsDFT1K-l2c5wsJfZuTTvt9RK0ej,https://drive.google.com/file/d/14SrRwsDFT1K-l2c5wsJfZuTTvt9RK0ej/view
2021,38.0,12gq5jDeiOiqCFDG8yFANOlLrjye4eFw3,https://drive.google.com/file/d/12gq5jDeiOiqCFDG8yFANOlLrjye4eFw3/view
2021,36.5,1zfNwbRhqAiema04fNqVMPvq2sjSRzlC-,https://drive.google.com/file/d/1zfNwbRhqAiema04fNqVMPvq2sjSRzlC-/view
2021,33.0,1b0QWZV1vntRk-Nt14jIvIfHBi-Cd4t09,https://drive.google.com/file/d/1b0QWZV1vntRk-Nt14jIvIfHBi-Cd4t09/view
2021,48.5,1CTxWWeolxA9KQAP_x-tlY8lb-mOSHQeX,https://drive.google.com/file/d/1CTxWWeolxA9KQAP_x-tlY8lb-mOSHQeX/view
2021,41.0,1PK6vCpzufAbdMwsZJkB1XW6xVy3CfXsc,https://drive.google.com/file/d/1PK6vCpzufAbdMwsZJkB1XW6xVy3CfXsc/view
2021,35.0,1VF9ZCkhCmJktJJerWxYkazWZY2fAenwy,https://drive.google.com/file/d/1VF9ZCkhCmJktJJerWxYkazWZY2fAenwy/view
2021,36.5,1HFzdlThMdt5i64OO7bjUFeWSUBHRHGK0,https://drive.google.com/file/d/1HFzdlThMdt5i64OO7bjUFeWSUBHRHGK0/view
2021,39.5,1ErLPk02qWP4mb_P_RNvRBBkGZNUH-97e,https://drive.google.com/file/d/1ErLPk02qWP4mb_P_RNvRBBkGZNUH-97e/view
2021,38.0,1-iRuNJH8a8H8k1dkAGgMKg6-L9407Vcd,https://drive.google.com/file/d/1-iRuNJH8a8H8k1dkAGgMKg6-L9407Vcd/view
2021,36.5,1weYeyM5x5jxQ7GX7cXU6JGLb-pstyxOn,https://drive.google.com/file/d/1weYeyM5x5jxQ7GX7cXU6JGLb-pstyxOn/view
2021,26.0,1tewT0-t8mX90WYwGv2sqcV22AEyRvQIG,https://drive.google.com/file/d/1tewT0-t8mX90WYwGv2sqcV22AEyRvQIG/view
2021,41.5,1QfPOKsC0-NlESFnavPCiKiaeYwFjTRsA,https://drive.google.com/file/d/1QfPOKsC0-NlESFnavPCiKiaeYwFjTRsA/view
2021,36.5,1cX5npPHkdJemm--sXSyaqYyKDNjUdiBF,https://drive.google.com/file/d/1cX5npPHkdJemm--sXSyaqYyKDNjUdiBF/view
2021,37.5,11bvF-usvgTMrZocvHWFr-hQzHnOBxjSw,https://drive.google.com/file/d/11bvF-usvgTMrZocvHWFr-hQzHnOBxjSw/view
2021,34.5,1rGbtbv_iX5E4JdpkH-eK8VIpezoG5GuI,https://drive.google.com/file/d/1rGbtbv_iX5E4JdpkH-eK8VIpezoG5GuI/view
2021,30.0,16x8ShrkOyv2p4nV8EBhq9VQn1xXqS5uM,https://drive.google.com/file/d/16x8ShrkOyv2p4nV8EBhq9VQn1xXqS5uM/view
2021,37.0,197deRjFquNvKiG26c48b1WIOwjipLSOe,https://drive.google.com/file/d/197deRjFquNvKiG26c48b1WIOwjipLSOe/view
2021,30.0,1pOhZLA-MPZLx4hJZbw0DPGbQy6F7dF8C,https://drive.google.com/file/d/1pOhZLA-MPZLx4hJZbw0DPGbQy6F7dF8C/view
2021,33.0,1--o2rUsA9Smseq3xV2JauFYnHpSiDSN6,https://drive.google.com/file/d/1--o2rUsA9Smseq3xV2JauFYnHpSiDSN6/view
2021,30.0,1rOeJ2sdruNF9THVMOhbCOEgLPmHEnyJL,https://drive.google.com/file/d/1rOeJ2sdruNF9THVMOhbCOEgLPmHEnyJL/view
2021,33.0,1jd0-DI9PYDIpPe03eQ0ItMmDjFDYRcjx,https://drive.google.com/file/d/1jd0-DI9PYDIpPe03eQ0ItMmDjFDYRcjx/view
2021,29.5,1tpu6K-WHsf9nWUCoPi7HF7x2l9Z16yUq,https://drive.google.com/file/d/1tpu6K-WHsf9nWUCoPi7HF7x2l9Z16yUq/view
2021,35.0,1jfLe373bj6ruu50IbPPcpLQ__hAMITkl,https://drive.google.com/file/d/1jfLe373bj6ruu50IbPPcpLQ__hAMITkl/view
2021,46.5,1inawajSCF5W_3BXOjiaEm62ODcTxIB56,https://drive.google.com/file/d/1inawajSCF5W_3BXOjiaEm62ODcTxIB56/view
2021,32.0,1uDZCc0ri0E3L1O5kxGvr71HKQ4-g-DdW,https://drive.google.com/file/d/1uDZCc0ri0E3L1O5kxGvr71HKQ4-g-DdW/view
2021,39.0,1wU6GQm5Y4GGW5_-S-Q81-06_cEM6IBfG,https://drive.google.com/file/d/1wU6GQm5Y4GGW5_-S-Q81-06_cEM6IBfG/view
2021,41.5,1Tzpnz-BMgvwYz_1FgARwz7wcZBGKx28r,https://drive.google.com/file/d/1Tzpnz-BMgvwYz_1FgARwz7wcZBGKx28r/view
2021,43.5,1QdQkJxIccS0fALpgPtK1AwDPuaYcUSRo,https://drive.google.com/file/d/1QdQkJxIccS0fALpgPtK1AwDPuaYcUSRo/view
2021,28.5,1vaAA6I9qVC7STVmNPU0_mXMC2SLPRrIt,https://drive.google.com/file/d/1vaAA6I9qVC7STVmNPU0_mXMC2SLPRrIt/view
2021,36.0,1EfNxxl9Ru4RG4A7RjRPzI0YoPomEuTQJ,https://drive.google.com/file/d/1EfNxxl9Ru4RG4A7RjRPzI0YoPomEuTQJ/view
2021,35.0,1h0E-DEbRq8vRlBb6yejloWSmA_0jzj56,https://drive.google.com/file/d/1h0E-DEbRq8vRlBb6yejloWSmA_0jzj56/view
2021,37.0,1dK6opBjto6WaxS3VYBr4t6UGxGuoycIw,https://drive.google.com/file/d/1dK6opBjto6WaxS3VYBr4t6UGxGuoycIw/view
2021,43.0,1wxe326IunzHg_xemoZhEJ_3YnTcuGOb4,https://drive.google.com/file/d/1wxe326IunzHg_xemoZhEJ_3YnTcuGOb4/view
2021,28.5,1k7D-oPxshseLuDI_7GPfU8aX1SUCzxet,https://drive.google.com/file/d/1k7D-oPxshseLuDI_7GPfU8aX1SUCzxet/view
2021,46.5,1hDnzRcaSm0L0D84xDh_opW1jgSv-ZHSp,https://drive.google.com/file/d/1hDnzRcaSm0L0D84xDh_opW1jgSv-ZHSp/view
2021,36.5,1UEiZZgQsXxdg6wyqxJ8LyBmyTidFStMc,https://drive.google.com/file/d/1UEiZZgQsXxdg6wyqxJ8LyBmyTidFStMc/view
2021,35.33,1r1ITook8HOiK6DXVa2iVwHT8pS4ywjvz,https://drive.google.com/file/d/1r1ITook8HOiK6DXVa2iVwHT8pS4ywjvz/view
2021,31.5,18YpBQauKoqh7LbncUNfVrR97aIwMzKd-,https://drive.google.com/file/d/18YpBQauKoqh7LbncUNfVrR97aIwMzKd-/view
2021,35.0,1r1gJtpZXT5BfUg_vOcbWIGpeu7CdIl_z,https://drive.google.com/file/d/1r1gJtpZXT5BfUg_vOcbWIGpeu7CdIl_z/view
2021,39.5,1obH1UQILY9-q2sURQf_PjWrTmalgSmLC,https://drive.google.com/file/d/1obH1UQILY9-q2sURQf_PjWrTmalgSmLC/view
2021,38.0,1vxokZ9h9TifClbQlTGlgqRD3nIYnP7BB,https://drive.google.com/file/d/1vxokZ9h9TifClbQlTGlgqRD3nIYnP7BB/view
2021,36.5,1mvLn4p_ivUASvUY_OWR82Yc1SNgzlRZX,https://drive.google.com/file/d/1mvLn4p_ivUASvUY_OWR82Yc1SNgzlRZX/view
2021,48.0,1poyJJ7dXQaB4f__9ELIwm5QAgYaH9FzY,https://drive.google.com/file/d/1poyJJ7dXQaB4f__9ELIwm5QAgYaH9FzY/view
2021,39.5,1v_LYlv79DQfcsoZv-TYYMFKsML3tT-DR,https://drive.google.com/file/d/1v_LYlv79DQfcsoZv-TYYMFKsML3tT-DR/view
2021,41.5,1kYzfpQNvto_VjiDsGwYDO4W800oYEGl3,https://drive.google.com/file/d/1kYzfpQNvto_VjiDsGwYDO4W800oYEGl3/view
2021,38.0,197JHJtMDpAGGfahQXNzBMwEP6Asfix26,https://drive.google.com/file/d/197JHJtMDpAGGfahQXNzBMwEP6Asfix26/view
2021,36.5,1erWZ4cqH0qfJzzfKrOk4pWN8Oe_lzGS7,https://drive.google.com/file/d/1erWZ4cqH0qfJzzfKrOk4pWN8Oe_lzGS7/view
2021,33.0,15f1_OY7MMJQ1_W8Clm2-9mOFvmfksrR8,https://drive.google.com/file/d/15f1_OY7MMJQ1_W8Clm2-9mOFvmfksrR8/view
2021,36.5,1Z35xtM3PHlX6j51IBtbK0k3WN_1TG4d0,https://drive.google.com/file/d/1Z35xtM3PHlX6j51IBtbK0k3WN_1TG4d0/view
2021,31.0,1IGQhacu4moe0_larZ81AkV-OMuzZ8I7B,https://drive.google.com/file/d/1IGQhacu4moe0_larZ81AkV-OMuzZ8I7B/view
2021,30.0,1MSENO4DHqGFdXeR6ZUWaHtyPlr8usodr,https://drive.google.com/file/d/1MSENO4DHqGFdXeR6ZUWaHtyPlr8usodr/view
2021,25.0,1ZCekcc6dpMB1GukbYgXdN2fPt2_iXyyg,https://drive.google.com/file/d/1ZCekcc6dpMB1GukbYgXdN2fPt2_iXyyg/view
2021,39.5,1LtUiz9OBJFNlzgwV5voE1ub0mqjTjXC7,https://drive.google.com/file/d/1LtUiz9OBJFNlzgwV5voE1ub0mqjTjXC7/view
2021,40.0,1QcWNnV0ETugg0ix80fcCRyJRfaGepfP7,https://drive.google.com/file/d/1QcWNnV0ETugg0ix80fcCRyJRfaGepfP7/view
2021,37.0,1BlGqvzzmg5_C3YA1ktLj2CWKvomdFOme,https://drive.google.com/file/d/1BlGqvzzmg5_C3YA1ktLj2CWKvomdFOme/view
2021,30.0,1LNqEvbcawjYWlBN4cVqgsOh9mLt415yO,https://drive.google.com/file/d/1LNqEvbcawjYWlBN4cVqgsOh9mLt415yO/view
2021,39.0,1nB1M6huMbLTi3H1uUDub_WUPvqeA5KXR,https://drive.google.com/file/d/1nB1M6huMbLTi3H1uUDub_WUPvqeA5KXR/view
2021,36.5,1Q1cbA0NHyr04p6K2mXYASCQgTJfxfzOv,https://drive.google.com/file/d/1Q1cbA0NHyr04p6K2mXYASCQgTJfxfzOv/view
2021,33.5,1NGaiV49RmTYZTz-kyQEBz5NUCiBiWM21,https://drive.google.com/file/d/1NGaiV49RmTYZTz-kyQEBz5NUCiBiWM21/view
2021,31.5,1mVZ72C9xvqeGcDWO79GtksbdmyupcPdH,https://drive.google.com/file/d/1mVZ72C9xvqeGcDWO79GtksbdmyupcPdH/view
2021,26.5,1_hvgFWf2ljl0D3TPZxEDNSa2dLQBljks,https://drive.google.com/file/d/1_hvgFWf2ljl0D3TPZxEDNSa2dLQBljks/view
2021,35.0,18F3lF9NUUZMsm4AgVLn1Iz-rFZ02BEkv,https://drive.google.com/file/d/18F3lF9NUUZMsm4AgVLn1Iz-rFZ02BEkv/view
2021,46.5,1gQBgqedhqIrkjQRzSLzOWlI34esimMBs,https://drive.google.com/file/d/1gQBgqedhqIrkjQRzSLzOWlI34esimMBs/view
2021,31.5,1Szxxfi4-qme2Wz5a6bDI9CnBqpwQjx9e,https://drive.google.com/file/d/1Szxxfi4-qme2Wz5a6bDI9CnBqpwQjx9e/view
2021,30.0,1Ue5YGDajDQlDOEcuSuax_mm-yqM2ooRM,https://drive.google.com/file/d/1Ue5YGDajDQlDOEcuSuax_mm-yqM2ooRM/view
2021,28.5,1mUNBwqLQYQW3O2SU4gLrUnRdOSK2Qv1B,https://drive.google.com/file/d/1mUNBwqLQYQW3O2SU4gLrUnRdOSK2Qv1B/view
2021,38.0,14PFaq1U9ivx-tbpOsgoDWW0ycTvvw7Rn,https://drive.google.com/file/d/14PFaq1U9ivx-tbpOsgoDWW0ycTvvw7Rn/view
2021,30.0,14hSK3V9_nDcmucUQNFSqpLIZ7O430JHw,https://drive.google.com/file/d/14hSK3V9_nDcmucUQNFSqpLIZ7O430JHw/view
2021,35.5,1lLIWNuEqA_ite_tHhstOLiKWdXdvuFI1,https://drive.google.com/file/d/1lLIWNuEqA_ite_tHhstOLiKWdXdvuFI1/view
2021,21.0,1RuxFZGbgB8XU7y5E9ycVLMhUEVcEA3x0,https://drive.google.com/file/d/1RuxFZGbgB8XU7y5E9ycVLMhUEVcEA3x0/view
2021,40.0,1yDW5e2JKzh_KRUe7VRMaC62RBMTF79D6,https://drive.google.com/file/d/1yDW5e2JKzh_KRUe7VRMaC62RBMTF79D6/view
2021,39.5,18Qc6o9LacX-tYH6CU0C9o_GZte3uWahp,https://drive.google.com/file/d/18Qc6o9LacX-tYH6CU0C9o_GZte3uWahp/view
2021,38.0,1OJ-IqG_fvtZvn76yeabanMWTfslHV4FD,https://drive.google.com/file/d/1OJ-IqG_fvtZvn76yeabanMWTfslHV4FD/view
2021,38.0,10qBBbI6hT-bQc2BN3X58YF59Z_lOxtPF,https://drive.google.com/file/d/10qBBbI6hT-bQc2BN3X58YF59Z_lOxtPF/view
2021,41.0,1CKxnWrD1nkxlVfdpiRcmDZRCsdsIHh50,https://drive.google.com/file/d/1CKxnWrD1nkxlVfdpiRcmDZRCsdsIHh50/view
2021,34.5,1020MlMI8GTvFdxMoRd-1sAoq1iUBYJim,https://drive.google.com/file/d/1020MlMI8GTvFdxMoRd-1sAoq1iUBYJim/view
2021,29.5,14CxANFe0fBP6yzA3ALnAv5V_gesYBAh8,https://drive.google.com/file/d/14CxANFe0fBP6yzA3ALnAv5V_gesYBAh8/view
2021,33.0,1OLtsL92rhXpXyeA58KfEt20dwkvtXk9q,https://drive.google.com/file/d/1OLtsL92rhXpXyeA58KfEt20dwkvtXk9q/view
2021,40.0,1OqbVyqCXarS6BYctPK0EmQpgfUQpK547,https://drive.google.com/file/d/1OqbVyqCXarS6BYctPK0EmQpgfUQpK547/view
2021,30.0,1-6LzU-_02caVWB07DzP6X8lvyqc6AIBm,https://drive.google.com/file/d/1-6LzU-_02caVWB07DzP6X8lvyqc6AIBm/view
2021,38.5,1rulUmQS_kyh7ouGNVaYLpg1pkCmA9ks3,https://drive.google.com/file/d/1rulUmQS_kyh7ouGNVaYLpg1pkCmA9ks3/view
2021,33.5,15Omq_EDyAtqMsCN1jJkUlPKghwPmNqWi,https://drive.google.com/file/d/15Omq_EDyAtqMsCN1jJkUlPKghwPmNqWi/view
2021,40.0,19iuakRUFjA6ognowBe7dd6bj2UHh2Rd8,https://drive.google.com/file/d/19iuakRUFjA6ognowBe7dd6bj2UHh2Rd8/view
2021,39.5,1RZwTDwb8oa2J3RDWEKYj1hsIf4ClT5-B,https://drive.google.com/file/d/1RZwTDwb8oa2J3RDWEKYj1hsIf4ClT5-B/view
2021,33.0,1gCm0lu53f0HxaEWNIqSgoWtf98jOhsYU,https://drive.google.com/file/d/1gCm0lu53f0HxaEWNIqSgoWtf98jOhsYU/view
2021,28.0,11qKrt1euOYZKxipEaxw7A_d02pUjBKo5,https://drive.google.com/file/d/11qKrt1euOYZKxipEaxw7A_d02pUjBKo5/view
2021,35.0,1VFgx7V7WVUZC5_L2Sx7_dPVLJTft8Isi,https://drive.google.com/file/d/1VFgx7V7WVUZC5_L2Sx7_dPVLJTft8Isi/view
2021,40.0,1AyaF0d45GZenE40KZq0ZQhFoyikn81Y4,https://drive.google.com/file/d/1AyaF0d45GZenE40KZq0ZQhFoyikn81Y4/view
2021,41.5,1n8Gti2CmuledbcUaBf7blBhw1xySF3vz,https://drive.google.com/file/d/1n8Gti2CmuledbcUaBf7blBhw1xySF3vz/view
2021,32.0,1AZTkwJWqibcvow-G4Bklc-ZotJK9pjaq,https://drive.google.com/file/d/1AZTkwJWqibcvow-G4Bklc-ZotJK9pjaq/view
2021,41.5,1McXfGW5xr74qVGjp41nDx5Mq-JX8A83l,https://drive.google.com/file/d/1McXfGW5xr74qVGjp41nDx5Mq-JX8A83l/view
2021,30.0,1KIY0d5Rtmln_gooYjvdNZv1rkTrUq2Z_,https://drive.google.com/file/d/1KIY0d5Rtmln_gooYjvdNZv1rkTrUq2Z_/view
2021,38.0,1pfzXB37BEruDid1R2U5AxffcK6JI3QP1,https://drive.google.com/file/d/1pfzXB37BEruDid1R2U5AxffcK6JI3QP1/view
2021,35.0,1wmQiBrRuimoj0jI5Z44eQgjvVloKAJU7,https://drive.google.com/file/d/1wmQiBrRuimoj0jI5Z44eQgjvVloKAJU7/view
2021,40.0,1t0byXYDArbMlL5kGUsvmKE0eGnOVbJg1,https://drive.google.com/file/d/1t0byXYDArbMlL5kGUsvmKE0eGnOVbJg1/view
2021,43.0,1G6gn8Cde9Lpc61XXGyujh_2Qtz-KP0KR,https://drive.google.com/file/d/1G6gn8Cde9Lpc61XXGyujh_2Qtz-KP0KR/view
2021,41.0,1zBuje8LSzFBmFGXYSXp0o1npVP8eGsB6,https://drive.google.com/file/d/1zBuje8LSzFBmFGXYSXp0o1npVP8eGsB6/view
2021,39.5,1o3dwAwS0V5LZSREDuq0EY_sSkSvBCP1m,https://drive.google.com/file/d/1o3dwAwS0V5LZSREDuq0EY_sSkSvBCP1m/view
2021,30.0,1wiB6ocjFgsy4RKu542YYDO1dXcwixZ9a,https://drive.google.com/file/d/1wiB6ocjFgsy4RKu542YYDO1dXcwixZ9a/view
2021,29.5,11R0l9ClB8Whfz87_pPGzdR24L46ej23P,https://drive.google.com/file/d/11R0l9ClB8Whfz87_pPGzdR24L46ej23P/view
2020,37.0,10TmS45YcQU7dZhb_gg0VQTKQ-Lx7mw5X,https://drive.google.com/file/d/10TmS45YcQU7dZhb_gg0VQTKQ-Lx7mw5X/view
2021,30.0,1E8ZporFQUF1syw9-t_8HIp9Ak-Z8v7nC,https://drive.google.com/file/d/1E8ZporFQUF1syw9-t_8HIp9Ak-Z8v7nC/view
2021,27.5,1ZytGbUZZF-OT-8apjuCU0TdZ2xLzd0dF,https://drive.google.com/file/d/1ZytGbUZZF-OT-8apjuCU0TdZ2xLzd0dF/view
2021,29.5,121-_vaHACUM4llx3tUY69WHPXxmQ5qgM,https://drive.google.com/file/d/121-_vaHACUM4llx3tUY69WHPXxmQ5qgM/view
2018,34.5,12TKL6zELJWKYxrVPiDwr6woEe4qxMTx3,https://drive.google.com/file/d/12TKL6zELJWKYxrVPiDwr6woEe4qxMTx3/view
2021,38.0,1I3BmLr0gnFpOaORjX1zXIdYKmUveAdaT,https://drive.google.com/file/d/1I3BmLr0gnFpOaORjX1zXIdYKmUveAdaT/view
2021,37.0,1n9w8ug85tMrhm4vrUAyU54eIKnTB2IOH,https://drive.google.com/file/d/1n9w8ug85tMrhm4vrUAyU54eIKnTB2IOH/view
2021,38.5,1QsPB3PPdAksEAvtdQSctsXPtbjuIkg8S,https://drive.google.com/file/d/1QsPB3PPdAksEAvtdQSctsXPtbjuIkg8S/view
2021,30.0,1jajc_uji9dOO7JYrQNnDySsjKygA1WPd,https://drive.google.com/file/d/1jajc_uji9dOO7JYrQNnDySsjKygA1WPd/view
2021,31.5,1qVD-eueI66SMO4A78q2-GgYSEJjPxTca,https://drive.google.com/file/d/1qVD-eueI66SMO4A78q2-GgYSEJjPxTca/view
2021,38.0,1RazspGZi99XS3ZSVvwdVI8RAno3SSVHj,https://drive.google.com/file/d/1RazspGZi99XS3ZSVvwdVI8RAno3SSVHj/view
2021,28.0,1be2FKTpBwJL7bx_sGMmigk2-GKM1NVIY,https://drive.google.com/file/d/1be2FKTpBwJL7bx_sGMmigk2-GKM1NVIY/view
2021,33.5,1I1TEZ3_DQCG-b4rg8I0WK5qcNkWuiS7v,https://drive.google.com/file/d/1I1TEZ3_DQCG-b4rg8I0WK5qcNkWuiS7v/view
2021,36.0,1DrzCRzcQU97wpwHw3p4eH_N0dUD2VbO1,https://drive.google.com/file/d/1DrzCRzcQU97wpwHw3p4eH_N0dUD2VbO1/view
2021,46.0,1NC1KXucBiU0TyRkXHpImH08pRfYL83mM,https://drive.google.com/file/d/1NC1KXucBiU0TyRkXHpImH08pRfYL83mM/view
2021,41.5,1HWletiFeqR8qEA-JDmA-nrvGN9kUhJv8,https://drive.google.com/file/d/1HWletiFeqR8qEA-JDmA-nrvGN9kUhJv8/view
2021,41.0,1sKYhlj41wkeJpkvQKtJNIMVBQIGNz3Y3,https://drive.google.com/file/d/1sKYhlj41wkeJpkvQKtJNIMVBQIGNz3Y3/view
2021,23.5,144r9pYWCnIFEJeaGtPkre6eQRxm__kNh,https://drive.google.com/file/d/144r9pYWCnIFEJeaGtPkre6eQRxm__kNh/view
2021,35.67,1CKqeeqdY-19EPHEPvUEh9s69cuLT6rap,https://drive.google.com/file/d/1CKqeeqdY-19EPHEPvUEh9s69cuLT6rap/view
2021,36.5,105t_qqVQxK0A4ne6dgFQYaX89loI1ZY9,https://drive.google.com/file/d/105t_qqVQxK0A4ne6dgFQYaX89loI1ZY9/view
2021,46.0,1CD6wHucbHGT8ueu2bkEbHy-t9La-HPUs,https://drive.google.com/file/d/1CD6wHucbHGT8ueu2bkEbHy-t9La-HPUs/view
2021,39.67,1pyRTI8_m9M36o9RVzgIMlfMhORJdjGzM,https://drive.google.com/file/d/1pyRTI8_m9M36o9RVzgIMlfMhORJdjGzM/view
2021,31.5,1k1UhxQf9jmidMd0cSAdt3zQ8srHCGzpe,https://drive.google.com/file/d/1k1UhxQf9jmidMd0cSAdt3zQ8srHCGzpe/view
2021,40.0,1-BJzcIpxKqF4V-M2Q7tfkXbAY7B7oT5n,https://drive.google.com/file/d/1-BJzcIpxKqF4V-M2Q7tfkXbAY7B7oT5n/view
2021,33.5,1szecKVhSN22OVm0BniHW32RqDD5sf5ak,https://drive.google.com/file/d/1szecKVhSN22OVm0BniHW32RqDD5sf5ak/view
2021,34.5,1FJ2CDNeMh5GfEBehJYh7ggdWyo6_NeMo,https://drive.google.com/file/d/1FJ2CDNeMh5GfEBehJYh7ggdWyo6_NeMo/view
2021,30.0,1YTe2Y8yL1oTcSc0HAIVYt_w-pwKgPHj4,https://drive.google.com/file/d/1YTe2Y8yL1oTcSc0HAIVYt_w-pwKgPHj4/view
2021,25.0,1k9ZH5_RxtMaQTTFdCi59PFygTkKwho6m,https://drive.google.com/file/d/1k9ZH5_RxtMaQTTFdCi59PFygTkKwho6m/view
2021,33.5,14uzsVIE0Q9jjBxrujnZ8k8gIzuXfo3-E,https://drive.google.com/file/d/14uzsVIE0Q9jjBxrujnZ8k8gIzuXfo3-E/view
2021,25.0,1K4m8VQQWqDY7ClGgmWgyBPPwqJhRQeGw,https://drive.google.com/file/d/1K4m8VQQWqDY7ClGgmWgyBPPwqJhRQeGw/view
2021,38.5,1tK_ETbrzOMn0YJdwas0zeS5BYoMRG14J,https://drive.google.com/file/d/1tK_ETbrzOMn0YJdwas0zeS5BYoMRG14J/view
2021,42.0,1xgJUCJbl0t-IE94HXobgIiFDLyZ-L1Sd,https://drive.google.com/file/d/1xgJUCJbl0t-IE94HXobgIiFDLyZ-L1Sd/view
2021,45.0,15wbRNh7ch9HZpeGHARZWo7QuXRgZoUst,https://drive.google.com/file/d/15wbRNh7ch9HZpeGHARZWo7QuXRgZoUst/view
2021,39.67,1VlkLqssaJzVYFZ1Oez5SOAphVVh0S2sl,https://drive.google.com/file/d/1VlkLqssaJzVYFZ1Oez5SOAphVVh0S2sl/view
2021,45.0,12DQd9LtcVOnhDpBsNes8ARMPbtLszPSk,https://drive.google.com/file/d/12DQd9LtcVOnhDpBsNes8ARMPbtLszPSk/view
2021,46.5,1TABFoQQQaFytLGZeRw7DlEBcPA9GlEHf,https://drive.google.com/file/d/1TABFoQQQaFytLGZeRw7DlEBcPA9GlEHf/view
2021,46.5,1UJIVHGT9WtqJY8u4sHvFZoA5lm4cSUph,https://drive.google.com/file/d/1UJIVHGT9WtqJY8u4sHvFZoA5lm4cSUph/view
2021,26.5,1LsvtE5nsmpLO-kwBiUs6jlQHNZJ47F7Q,https://drive.google.com/file/d/1LsvtE5nsmpLO-kwBiUs6jlQHNZJ47F7Q/view
2021,32.0,1h4HrWVqtEEThSpr-zUr0wVoktEEaFO0Z,https://drive.google.com/file/d/1h4HrWVqtEEThSpr-zUr0wVoktEEaFO0Z/view
2021,37.0,1-vjPbv7x03b2hVR9WTUTgOGYEA2ESmnl,https://drive.google.com/file/d/1-vjPbv7x03b2hVR9WTUTgOGYEA2ESmnl/view
2021,44.5,12HZcygWAEr8FUHhfTolu2lA79dDhL17B,https://drive.google.com/file/d/12HZcygWAEr8FUHhfTolu2lA79dDhL17B/view
2021,27.5,1zkCcahB71XFaKSqzycg29-3fbnaoUktP,https://drive.google.com/file/d/1zkCcahB71XFaKSqzycg29-3fbnaoUktP/view
2021,30.0,1eBHn8n9uVvPA4grYKA0Mz_1LA6TuhCkJ,https://drive.google.com/file/d/1eBHn8n9uVvPA4grYKA0Mz_1LA6TuhCkJ/view
2021,37.0,10e_KKjanFqKMrEGNaYnqiltZfxwG73kY,https://drive.google.com/file/d/10e_KKjanFqKMrEGNaYnqiltZfxwG73kY/view
2021,33.0,1K93m4mZOZ611TY5ssOhLpmkVblhm9kez,https://drive.google.com/file/d/1K93m4mZOZ611TY5ssOhLpmkVblhm9kez/view
2021,29.0,1mMlkmDCJa3VCVMO8tlnGfGbFVQGiMJ3Q,https://drive.google.com/file/d/1mMlkmDCJa3VCVMO8tlnGfGbFVQGiMJ3Q/view
2020,30.0,1hVHT9S4JC_ZwoYqbz2eHCfTekOfuZhKq,https://drive.google.com/file/d/1hVHT9S4JC_ZwoYqbz2eHCfTekOfuZhKq/view
2021,31.5,1BqR3Nh79uMvl05Pnz23fWOMqsTfNW4Pr,https://drive.google.com/file/d/1BqR3Nh79uMvl05Pnz23fWOMqsTfNW4Pr/view
2021,43.33,1k6bj-UJ3AnZ4ze4TlbehBrwHKRp2E5mx,https://drive.google.com/file/d/1k6bj-UJ3AnZ4ze4TlbehBrwHKRp2E5mx/view
2021,40.0,1xCSawXSP6g_jbVmwD-T8_GrQc2WZ6JFC,https://drive.google.com/file/d/1xCSawXSP6g_jbVmwD-T8_GrQc2WZ6JFC/view
2021,30.0,16-8k60IJPFltYS0QXeP6MvHESFwc3-5G,https://drive.google.com/file/d/16-8k60IJPFltYS0QXeP6MvHESFwc3-5G/view
2021,38.5,1H0AaRvvLv6VPDRIB2Rj4FxW5tmw-4B-3,https://drive.google.com/file/d/1H0AaRvvLv6VPDRIB2Rj4FxW5tmw-4B-3/view
2021,28.0,1X7H89nvy4DVn3CkbzbZjUQOu8VHDecL0,https://drive.google.com/file/d/1X7H89nvy4DVn3CkbzbZjUQOu8VHDecL0/view
2021,42.0,1zF05Ip6QjTxQmr9nUaV1JG3l55-oRHJ0,https://drive.google.com/file/d/1zF05Ip6QjTxQmr9nUaV1JG3l55-oRHJ0/view
2021,35.0,15VmhB4JqeUeows0-XzpBQarpjRMPGj9X,https://drive.google.com/file/d/15VmhB4JqeUeows0-XzpBQarpjRMPGj9X/view
2021,30.0,1D_JUYFj9mhMaL7318o73VXpRpw2NLiYa,https://drive.google.com/file/d/1D_JUYFj9mhMaL7318o73VXpRpw2NLiYa/view
2021,41.5,15jp9GfNX6EmPi-mk0GXF3Hy3cdVJyWPv,https://drive.google.com/file/d/15jp9GfNX6EmPi-mk0GXF3Hy3cdVJyWPv/view
2021,34.0,16UmhzyMQpY8LMN8xQM8cRnNhfsl59oiN,https://drive.google.com/file/d/16UmhzyMQpY8LMN8xQM8cRnNhfsl59oiN/view
2021,33.0,1mlTW3cAMoJM1fUg0HgemwmzBW_npWyP0,https://drive.google.com/file/d/1mlTW3cAMoJM1fUg0HgemwmzBW_npWyP0/view
2021,39.5,1xRwACFPPEuJ56S2myW8IBc2VZITT5Tol,https://drive.google.com/file/d/1xRwACFPPEuJ56S2myW8IBc2VZITT5Tol/view
2021,28.5,1XDh6Vl5MgI6jXx_JZTivSih-ldyjRqls,https://drive.google.com/file/d/1XDh6Vl5MgI6jXx_JZTivSih-ldyjRqls/view
2021,34.5,1sghlP0JWXUxSWGq7yWSniJzNJb7vb_1y,https://drive.google.com/file/d/1sghlP0JWXUxSWGq7yWSniJzNJb7vb_1y/view
2021,44.5,1LpBb3kimfcAbFnAR7xeEIBzPpL86m8CW,https://drive.google.com/file/d/1LpBb3kimfcAbFnAR7xeEIBzPpL86m8CW/view
2021,31.5,1Zq-udKq2_AYtuRszkCOH4zzfszb0BDcn,https://drive.google.com/file/d/1Zq-udKq2_AYtuRszkCOH4zzfszb0BDcn/view
2021,40.0,1oYaYT7XAacL1_xVz0TInJVv3Zzyl707r,https://drive.google.com/file/d/1oYaYT7XAacL1_xVz0TInJVv3Zzyl707r/view
2021,34.5,1_YOpcxP-y2GHfncaMN7_kB-fS-dkRQ2Z,https://drive.google.com/file/d/1_YOpcxP-y2GHfncaMN7_kB-fS-dkRQ2Z/view
2021,44.5,1XSHo98O0SVm-NJkY0f5r0trpzuhFxdm2,https://drive.google.com/file/d/1XSHo98O0SVm-NJkY0f5r0trpzuhFxdm2/view
2021,31.5,1q5ZIJyZDorz-dlurcbqYaXdqHLO0HXO_,https://drive.google.com/file/d/1q5ZIJyZDorz-dlurcbqYaXdqHLO0HXO_/view
2021,21.5,1HIikV4dHXuW6MfeoyKBnIDZJi6oKNbiB,https://drive.google.com/file/d/1HIikV4dHXuW6MfeoyKBnIDZJi6oKNbiB/view
2021,32.0,184r-EqNrAp5EJljGbNGZAjMWReiSj-F8,https://drive.google.com/file/d/184r-EqNrAp5EJljGbNGZAjMWReiSj-F8/view
2021,35.0,1thKrNuHXwK2HIOFNh-Q8dVZI9XPQuR3J,https://drive.google.com/file/d/1thKrNuHXwK2HIOFNh-Q8dVZI9XPQuR3J/view
2021,47.0,19HoxizBATvv4J5_2cROZHGwtlH33Ip98,https://drive.google.com/file/d/19HoxizBATvv4J5_2cROZHGwtlH33Ip98/view
2021,39.5,13THXqRzCQowVPwormQEy0uMtGuZZ5e9e,https://drive.google.com/file/d/13THXqRzCQowVPwormQEy0uMtGuZZ5e9e/view
2021,38.0,1E1P5VKDYPb3hTIatGLg37bB86TW0HO0V,https://drive.google.com/file/d/1E1P5VKDYPb3hTIatGLg37bB86TW0HO0V/view
2021,33.0,1zz50VG5Uyr6I3t-36v2YyT0Ez_JTA1-z,https://drive.google.com/file/d/1zz50VG5Uyr6I3t-36v2YyT0Ez_JTA1-z/view
