id,unidade,curso,ano,modalidade,chamada,nota_linguagens,nota_humanas,nota_natureza,nota_matematica,nota_redacao,nota_final,nota_redacao_c1,nota_redacao_c2,nota_redacao_c3,nota_redacao_c4,nota_redacao_c5,redacao
86,FEARP,Administração,2020,Ampla Concorrência (AC),,600.3,676.2,656.3,895.2,840.0,746.54,,,,,,
86,FEARP,Administração,2020,Ampla Concorrência (AC),,606.0,666.7,590.6,837.6,880.0,732.335,,,,,,
86,FEARP,Administração,2020,Ampla Concorrência (AC),,631.2,632.5,623.7,734.4,900.0,710.335,180.0,180.0,180.0,160.0,200.0,
86,FEARP,Administração,2020,Ampla Concorrência (AC),,631.9,621.1,589.3,752.2,920.0,712.635,160.0,200.0,180.0,180.0,200.0,
80,FEA,Administração Diurno,2019,"Pretos, Pardos e Indígenas (PPI)",,,,,,,714.0,,,,,,
80,FEA,Administração Diurno,2019,"Pretos, Pardos e Indígenas (PPI)",,640.6,703.2,677.6,757.7,760.0,715.0,,,,,,
80,FEA,Administração Diurno,2020,"Pretos, Pardos e Indígenas (PPI)",,619.0,728.0,602.0,714.0,920.0,718.0,,,,,,
80,FEA,Administração Diurno,2020,Escola Pública (EP),,618.1,676.9,636.4,724.9,780.0,678.9,,,,,,
80,FEA,Administração Diurno,2020,Escola Pública (EP),,610.0,660.2,610.8,705.9,840.0,685.38,,,,,,
80,FEA,Administração Diurno,2019,"Pretos, Pardos e Indígenas (PPI)",,625.0,690.0,620.0,710.0,840.0,697.5,,,,,,
80,FEA,Administração Diurno,2019,"Pretos, Pardos e Indígenas (PPI)",,663.3,691.8,611.6,707.1,820.0,698.76,,,,,,
80,FEA,Administração Diurno,2019,Escola Pública (EP),,627.1,691.8,659.0,774.2,800.0,710.42,,,,,,
80,FEA,Administração Diurno,2019,Escola Pública (EP),,668.8,698.3,645.6,808.4,800.0,724.22,,,,,,
81,FEA,Administração Noturno,2020,Escola Pública (EP),,623.7,663.5,638.7,684.2,920.0,696.0,,,,,,
81,FEA,Administração Noturno,2020,Escola Pública (EP),,645.3,660.3,639.2,738.0,920.0,714.0,,,,,,
81,FEA,Administração Noturno,2019,Escola Pública (EP),,600.0,600.0,590.0,710.0,940.0,720.0,,,,,,
81,FEA,Administração Noturno,2019,Escola Pública (EP),,653.4,707.6,624.4,739.8,880.0,739.0,,,,,,
81,FEA,Administração Noturno,2020,Escola Pública (EP),,621.3,661.9,620.7,756.7,820.0,699.88,,,,,,
81,FEA,Administração Noturno,2020,Escola Pública (EP),,641.0,661.2,621.8,734.4,920.0,710.57,,,,,,
71,FAU,Arquitetura e Urbanismo,2019,Escola Pública (EP),,698.8,749.6,693.0,770.9,840.0,765.16,160.0,200.0,160.0,160.0,160.0,
71,FAU,Arquitetura e Urbanismo,2020,Ampla Concorrência (AC),,623.0,707.0,694.0,867.0,940.0,790.8,180.0,200.0,180.0,200.0,180.0,
71,FAU,Arquitetura e Urbanismo,2020,Ampla Concorrência (AC),,644.5,683.5,649.3,885.7,960.0,795.67,180.0,200.0,200.0,200.0,180.0,
71,FAU,Arquitetura e Urbanismo,2020,"Pretos, Pardos e Indígenas (PPI)",,663.1,688.0,647.8,764.5,860.0,745.9,160.0,200.0,160.0,180.0,160.0,
71,FAU,Arquitetura e Urbanismo,2020,Escola Pública (EP),,658.3,660.1,621.7,751.3,980.0,770.11,180.0,200.0,200.0,200.0,200.0,
71,FAU,Arquitetura e Urbanismo,2020,Ampla Concorrência (AC),,653.8,719.4,602.4,922.7,920.0,795.42,,,,,,
71,FAU,Arquitetura e Urbanismo,2020,Ampla Concorrência (AC),,666.5,784.5,695.3,924.6,900.0,814.65,180.0,200.0,180.0,200.0,140.0,
71,FAU,Arquitetura e Urbanismo,2020,Ampla Concorrência (AC),,632.7,758.7,663.8,824.4,940.0,791.54,160.0,200.0,200.0,180.0,200.0,
71,FAU,Arquitetura e Urbanismo,2020,Ampla Concorrência (AC),,666.4,771.1,657.2,837.9,960.0,808.8,200.0,200.0,160.0,200.0,200.0,
71,FAU,Arquitetura e Urbanismo,2020,Ampla Concorrência (AC),,632.7,758.7,663.8,824.4,940.0,791.54,160.0,200.0,200.0,180.0,200.0,
71,FAU,Arquitetura e Urbanismo,2020,Ampla Concorrência (AC),,645.6,743.7,729.7,876.9,880.0,790.21,160.0,200.0,160.0,180.0,180.0,
71,FAU,Arquitetura e Urbanismo,2020,Ampla Concorrência (AC),,673.6,659.1,686.5,833.4,960.0,789.87,180.0,200.0,180.0,200.0,200.0,
71,FAU,Arquitetura e Urbanismo,2020,"Pretos, Pardos e Indígenas (PPI)",,592.7,624.7,588.6,794.1,960.0,749.16,160.0,200.0,200.0,200.0,200.0,
71,FAU,Arquitetura e Urbanismo,2020,"Pretos, Pardos e Indígenas (PPI)",,605.6,609.3,584.9,749.8,940.0,733.43,,,,,,
71,FAU,Arquitetura e Urbanismo,2020,"Pretos, Pardos e Indígenas (PPI)",,659.2,634.6,537.7,745.5,900.0,731.63,160.0,200.0,200.0,160.0,180.0,
71,FAU,Arquitetura e Urbanismo,2020,Escola Pública (EP),,655.4,675.5,645.4,834.0,960.0,785.52,160.0,200.0,200.0,200.0,200.0,
71,FAU,Arquitetura e Urbanismo,2020,Escola Pública (EP),,692.6,681.1,636.3,787.3,980.0,789.83,180.0,200.0,200.0,200.0,200.0,
71,FAU,Arquitetura e Urbanismo,2020,Escola Pública (EP),,654.5,722.8,708.1,841.3,900.0,784.53,160.0,200.0,160.0,200.0,180.0,
71,FAU,Arquitetura e Urbanismo,2020,Escola Pública (EP),,625.6,704.3,600.3,741.0,940.0,756.21,160.0,200.0,200.0,200.0,180.0,
71,FAU,Arquitetura e Urbanismo,2020,Ampla Concorrência (AC),,658.5,717.0,690.4,765.1,940.0,779.16,160.0,200.0,200.0,180.0,200.0,
71,FAU,Arquitetura e Urbanismo,2020,"Pretos, Pardos e Indígenas (PPI)",,615.9,607.7,612.1,768.6,880.0,723.65,160.0,200.0,180.0,160.0,180.0,
71,FAU,Arquitetura e Urbanismo,2020,"Pretos, Pardos e Indígenas (PPI)",,656.0,656.9,574.7,693.3,860.0,716.71,160.0,180.0,160.0,180.0,180.0,
71,FAU,Arquitetura e Urbanismo,2020,"Pretos, Pardos e Indígenas (PPI)",,624.7,617.4,625.7,750.9,900.0,731.17,,,,,,
71,FAU,Arquitetura e Urbanismo,2020,"Pretos, Pardos e Indígenas (PPI)",,598.6,631.5,631.5,692.3,920.0,723.63,160.0,200.0,160.0,200.0,200.0,
71,FAU,Arquitetura e Urbanismo,2020,Escola Pública (EP),,635.8,693.7,599.3,755.6,920.0,752.95,160.0,200.0,180.0,180.0,200.0,
29,ECA,Audiovisual,2018,"Pretos, Pardos e Indígenas (PPI)",,653.3,744.4,590.6,676.7,800.0,726.27,160.0,160.0,160.0,160.0,160.0,
4,EACH,Biotecnologia,2020,"Pretos, Pardos e Indígenas (PPI)",,621.0,625.0,607.0,724.0,720.0,661.142857142857,,,,,,
4,EACH,Biotecnologia,2020,Escola Pública (EP),,601.4,629.1,591.7,746.7,960.0,695.328571428571,160.0,200.0,200.0,200.0,200.0,
168,IME,Ciência da Computação,2020,Ampla Concorrência (AC),,657.4,706.3,696.1,944.5,900.0,804.68,160.0,160.0,180.0,200.0,200.0,
168,IME,Ciência da Computação,2020,Ampla Concorrência (AC),,666.2,686.0,738.0,946.8,900.0,813.48,160.0,200.0,180.0,160.0,200.0,
168,IME,Ciência da Computação,2020,Ampla Concorrência (AC),,618.8,602.5,670.6,946.4,980.0,798.05,180.0,200.0,200.0,200.0,200.0,
82,FEA,Ciências Atuariais,2020,Escola Pública (EP),,625.9,641.9,631.3,719.1,640.0,659.89,,,,,,
82,FEA,Ciências Atuariais,2020,Escola Pública (EP),,622.4,624.0,609.8,700.3,780.0,665.37,,,,,,
82,FEA,Ciências Atuariais,2020,Escola Pública (EP),,614.4,623.8,603.3,745.4,720.0,668.01,,,,,,
82,FEA,Ciências Atuariais,2020,Escola Pública (EP),,635.6,669.4,622.3,778.5,680.0,690.53,,,,,,
82,FEA,Ciências Atuariais,2020,Escola Pública (EP),,645.6,669.8,605.5,704.8,900.0,700.04,,,,,,
82,FEA,Ciências Atuariais,2020,Escola Pública (EP),,623.9,632.5,638.3,794.8,820.0,705.29,,,,,,
98,FFCLRP,Ciências Biológicas,2019,"Pretos, Pardos e Indígenas (PPI)",,712.8,698.2,658.5,780.8,840.0,742.488888888889,160.0,200.0,160.0,160.0,160.0,
98,FFCLRP,Ciências Biológicas,2019,Escola Pública (EP),,649.5,695.3,674.4,755.1,880.0,734.811111111111,160.0,180.0,160.0,200.0,180.0,
98,FFCLRP,Ciências Biológicas,2020,"Pretos, Pardos e Indígenas (PPI)",,637.8,597.6,620.0,706.2,740.0,667.288888888889,160.0,120.0,140.0,160.0,160.0,
83,FEA,Ciências Contábeis,2020,Escola Pública (EP),,606.6,631.0,643.7,745.3,620.0,660.41,,,,,,
83,FEA,Ciências Contábeis,2020,"Pretos, Pardos e Indígenas (PPI)",,630.9,631.7,613.4,765.3,640.0,668.33,,,,,,
83,FEA,Ciências Contábeis,2020,"Pretos, Pardos e Indígenas (PPI)",,600.5,630.0,615.0,717.0,820.0,670.0,,,,,,
83,FEA,Ciências Contábeis,2019,"Pretos, Pardos e Indígenas (PPI)",,613.5,719.2,677.3,753.9,600.0,691.0,,,,,,
83,FEA,Ciências Contábeis,2020,Escola Pública (EP),,616.1,654.4,623.7,786.7,820.0,706.0,,,,,,
83,FEA,Ciências Contábeis,2020,Escola Pública (EP),,640.5,670.7,629.1,809.4,720.0,707.11,,,,,,
83,FEA,Ciências Contábeis,2019,Escola Pública (EP),,636.3,680.3,638.8,727.3,920.0,715.0,,,,,,
83,FEA,Ciências Contábeis,2020,Escola Pública (EP),,659.0,718.2,606.2,724.6,880.0,718.68,,,,,,
83,FEA,Ciências Contábeis,2019,Escola Pública (EP),,623.3,696.5,643.2,772.4,860.0,723.47,,,,,,
83,FEA,Ciências Contábeis,2019,Escola Pública (EP),,680.0,690.0,710.0,900.0,660.0,740.0,,,,,,
83,FEA,Ciências Contábeis,2019,Escola Pública (EP),,626.9,681.1,632.0,799.9,960.0,740.13,,,,,,
83,FEARP,Ciências Contábeis,2020,Escola Pública (EP),,596.9,596.9,563.0,762.2,960.0,707.455,200.0,200.0,180.0,180.0,200.0,
83,FEARP,Ciências Contábeis,2020,Ampla Concorrência (AC),,624.1,648.5,594.2,830.2,920.0,737.915,,,,,,
2,EACH,Ciências da Natureza (Lic),2019,Escola Pública (EP),,640.8,697.4,623.1,679.5,820.0,700.557142857143,160.0,180.0,160.0,160.0,160.0,
103,FFLCH,Ciências Sociais,2018,Escola Pública (EP),,679.5,703.1,593.5,701.4,960.0,764.235,,,,,,
103,FFLCH,Ciências Sociais,2019,Escola Pública (EP),,701.9,747.7,626.1,773.9,680.0,710.0,140.0,160.0,120.0,120.0,140.0,
103,FFLCH,Ciências Sociais,2020,"Pretos, Pardos e Indígenas (PPI)",,615.6,652.4,481.0,655.7,860.0,690.675,160.0,160.0,160.0,200.0,180.0,
103,FFLCH,Ciências Sociais,2020,Escola Pública (EP),,600.6,634.9,583.7,725.1,940.0,727.98,160.0,200.0,180.0,200.0,200.0,
24,ECA,Com. Social: Editoração,2020,Ampla Concorrência (AC),,669.6,688.0,640.9,838.7,980.0,830.977777777778,180.0,200.0,200.0,200.0,200.0,
22,ECA,Com. Social: Publicidade e Propaganda,2019,"Pretos, Pardos e Indígenas (PPI)",,641.0,668.6,570.9,646.2,920.0,741.572727272727,,,,,,
22,ECA,Com. Social: Publicidade e Propaganda,2019,Escola Pública (EP),,668.5,675.1,573.7,702.1,920.0,755.590909090909,160.0,200.0,200.0,200.0,160.0,
22,ECA,Com. Social: Publicidade e Propaganda,2019,Escola Pública (EP),,666.9,683.9,611.2,680.7,880.0,743.672727272727,,,,,,
22,ECA,Com. Social: Publicidade e Propaganda,2020,"Pretos, Pardos e Indígenas (PPI)",,668.0,601.3,576.5,637.1,940.0,743.654545454545,160.0,200.0,200.0,180.0,200.0,
22,ECA,Com. Social: Publicidade e Propaganda,2020,Escola Pública (EP),,633.2,676.4,573.7,696.4,960.0,760.227272727273,160.0,200.0,200.0,200.0,200.0,
73,FAU,Design,2020,Escola Pública (EP),,620.0,660.2,583.9,778.2,940.0,742.75,160.0,180.0,200.0,200.0,200.0,
73,FAU,Design,2020,Ampla Concorrência (AC),,653.2,713.8,635.2,770.2,920.0,748.16,200.0,200.0,180.0,140.0,200.0,
73,FAU,Design,2020,Escola Pública (EP),,624.1,682.6,665.0,803.4,900.0,758.52,,,,,,
73,FAU,Design,2020,Escola Pública (EP),,635.7,642.9,625.8,778.7,980.0,768.04,180.0,200.0,200.0,200.0,200.0,
73,FAU,Design,2020,"Pretos, Pardos e Indígenas (PPI)",,565.4,640.6,598.2,655.3,880.0,696.08,160.0,200.0,160.0,200.0,160.0,
73,FAU,Desing,2020,Ampla Concorrência (AC),,,,,,,767.01,,,,,,
77,FD,Direito Matutino,2020,"Pretos, Pardos e Indígenas (PPI)",,624.3,656.5,591.1,721.8,980.0,729.0,,,,,,
77,FD,Direito Matutino,2020,"Pretos, Pardos e Indígenas (PPI)",,598.6,649.0,596.0,740.5,960.0,719.0,,,,,,
77,FD,Direito Matutino,2020,Escola Pública (EP),,664.7,728.3,685.5,745.5,960.0,757.1,,,,,,
77,FD,Direito Matutino,2020,Escola Pública (EP),,668.7,763.8,677.9,758.6,880.0,757.69,,,,,,
77,FD,Direito Matutino,2020,"Pretos, Pardos e Indígenas (PPI)",,593.0,626.0,604.0,689.0,940.0,701.0,,,,,,
77,FD,Direito Matutino,2020,"Pretos, Pardos e Indígenas (PPI)",,594.0,633.0,623.3,778.2,840.0,691.9,,,,,,
77,FD,Direito Matutino,2020,Escola Pública (EP),,675.8,680.4,619.1,688.9,920.0,716.0,,,,,,
78,FD,Direito Noturno,2020,"Pretos, Pardos e Indígenas (PPI)",,665.0,681.0,611.0,754.0,880.0,727.0,,,,,,
78,FD,Direito Noturno,2020,"Pretos, Pardos e Indígenas (PPI)",,633.9,663.6,605.1,729.8,920.0,721.24,,,,,,
78,FD,Direito Noturno,2020,"Pretos, Pardos e Indígenas (PPI)",,586.8,720.3,600.3,781.1,880.0,719.45,,,,,,
78,FD,Direito Noturno,2020,Escola Pública (EP),,619.0,725.0,656.0,760.0,940.0,748.0,,,,,,
78,FD,Direito Noturno,2020,Escola Pública (EP),,679.2,663.8,609.8,735.9,940.0,738.96,,,,,,
78,FD,Direito Noturno,2020,Escola Pública (EP),,669.9,662.8,563.9,747.8,940.0,735.89,,,,,,
78,FD,Direito Noturno,2020,Escola Pública (EP),,610.9,598.2,692.3,820.6,920.0,733.15,,,,,,
78,FD,Direito Noturno,2020,"Pretos, Pardos e Indígenas (PPI)",,591.0,644.0,537.0,708.0,960.0,704.0,,,,,,
78,FD,Direito Noturno,2020,Escola Pública (EP),,628.5,663.3,652.0,745.5,920.0,727.64,,,,,,
78,FD,Direito Noturno,2020,Escola Pública (EP),,635.4,623.1,540.1,748.9,980.0,720.75,,,,,,
84,FEA,Economia Diurno,2020,Escola Pública (EP),,631.0,603.0,660.0,835.0,740.0,702.0,,,,,,
84,FEA,Economia Diurno,2020,"Pretos, Pardos e Indígenas (PPI)",,658.4,651.6,608.0,764.9,940.0,719.0,,,,,,
84,FEA,Economia Diurno,2020,"Pretos, Pardos e Indígenas (PPI)",,610.0,710.0,660.0,830.0,860.0,725.0,,,,,,
84,FEA,Economia Diurno,2020,"Pretos, Pardos e Indígenas (PPI)",,601.6,614.3,612.5,743.5,600.0,647.1,,,,,,
84,FEA,Economia Diurno,2020,Escola Pública (EP),,613.4,665.0,632.3,705.6,840.0,691.26,,,,,,
84,FEA,Economia Diurno,2020,Escola Pública (EP),,636.4,703.4,656.3,869.8,740.0,739.87,,,,,,
84,FEA,Economia Diurno,2020,Escola Pública (EP),,637.8,697.8,624.8,800.1,980.0,748.34,,,,,,
84,FEA,Economia Diurno,2020,Escola Pública (EP),,625.4,652.4,683.1,837.6,980.0,752.5,,,,,,
84,FEA,Economia Diurno,2020,Escola Pública (EP),,647.6,744.8,622.3,810.4,900.0,754.33,,,,,,
84,FEA,Economia Diurno,2020,Escola Pública (EP),,641.1,698.3,610.8,855.3,940.0,757.01,,,,,,
90,FEARP,Economia Empresarial e Controladoria,2020,Ampla Concorrência (AC),,665.3,714.2,683.7,784.5,960.0,768.105,160.0,200.0,200.0,200.0,200.0,
90,FEARP,Economia Empresarial e Controladoria,2020,Ampla Concorrência (AC),,595.0,650.0,630.0,720.0,900.0,704.5,,,,,,
90,FEARP,Economia Empresarial e Controladoria,2020,Ampla Concorrência (AC),,637.6,687.0,619.0,874.2,860.0,751.72,,,,,,
85,FEA,Economia Noturno,2020,Escola Pública (EP),,633.9,626.9,609.7,763.7,720.0,670.8,,,,,,
85,FEA,Economia Noturno,2020,"Pretos, Pardos e Indígenas (PPI)",,648.6,647.2,620.0,658.0,880.0,678.43,,,,,,
85,FEA,Economia Noturno,2020,"Pretos, Pardos e Indígenas (PPI)",,611.5,646.5,642.6,754.0,740.0,685.01,,,,,,
85,FEA,Economia Noturno,2020,"Pretos, Pardos e Indígenas (PPI)",,611.1,678.0,639.7,766.2,700.0,691.31,,,,,,
85,FEA,Economia Noturno,2019,"Pretos, Pardos e Indígenas (PPI)",,630.0,699.0,613.0,680.0,780.0,693.0,,,,,,
85,FEA,Economia Noturno,2020,"Pretos, Pardos e Indígenas (PPI)",,604.8,678.0,616.0,681.5,920.0,694.0,,,,,,
85,FEA,Economia Noturno,2019,"Pretos, Pardos e Indígenas (PPI)",,626.5,677.1,603.7,777.7,820.0,708.54,,,,,,
85,FEA,Economia Noturno,2019,Escola Pública (EP),,620.0,650.0,711.0,700.0,960.0,732.0,,,,,,
85,FEA,Economia Noturno,2020,Escola Pública (EP),,620.0,629.0,637.0,845.0,920.0,733.0,,,,,,
85,FEA,Economia Noturno,2019,Escola Pública (EP),,609.4,726.6,652.8,825.1,800.0,737.94,,,,,,
85,FEA,Economia Noturno,2020,Escola Pública (EP),,630.0,727.0,622.0,773.0,920.0,739.0,,,,,,
85,FEA,Economia Noturno,2019,Escola Pública (EP),,722.0,718.0,717.0,760.0,800.0,743.0,,,,,,
85,FEA,Economia Noturno,2019,Escola Pública (EP),,665.2,719.6,728.6,794.8,900.0,760.0,,,,,,
85,FEA,Economia Noturno,2020,Escola Pública (EP),,641.3,775.2,673.8,907.6,740.0,774.39,,,,,,
48,EESC,Engenharia Aeronáutica,2020,Ampla Concorrência (AC),,655.3,703.4,717.1,804.3,700.0,730.58,,,,,,
48,EESC,Engenharia Aeronáutica,2020,Escola Pública (EP),,660.1,704.8,685.3,827.8,980.0,815.56,,,,,,
48,EESC,Engenharia Aeronáutica,2020,Escola Pública (EP),,661.0,727.0,688.0,897.0,920.0,821.38,,,,,,
48,EESC,Engenharia Aeronáutica,2020,Ampla Concorrência (AC),,,,,,,857.84,,,,,,
48,EESC,Engenharia Aeronáutica,2020,Ampla Concorrência (AC),,,,,,,862.67,,,,,,
48,EESC,Engenharia Aeronáutica,2020,Ampla Concorrência (AC),,,,,,,886.12,,,,,,
65,ESALQ,Engenharia Agronômica,2020,"Pretos, Pardos e Indígenas (PPI)",,574.4,603.6,587.8,799.0,800.0,693.95,140.0,200.0,160.0,140.0,160.0,
65,ESALQ,Engenharia Agronômica,2020,Ampla Concorrência (AC),,580.0,620.0,560.0,720.0,960.0,710.0,,,,,,
65,ESALQ,Engenharia Agronômica,2020,Ampla Concorrência (AC),,633.0,631.4,609.7,659.1,960.0,715.25,180.0,200.0,200.0,200.0,180.0,
65,ESALQ,Engenharia Agronômica,2020,Escola Pública (EP),,576.6,581.1,585.3,710.0,960.0,708.5375,160.0,200.0,200.0,200.0,200.0,
65,ESALQ,Engenharia Agronômica,2020,Escola Pública (EP),,590.1,627.4,608.1,665.8,940.0,705.6625,160.0,200.0,200.0,180.0,200.0,
53,Poli,Engenharia Ambiental,2020,Escola Pública (EP),,686.3,686.2,652.0,767.8,920.0,733.14,,,,,,
53,Poli,Engenharia Ambiental,2020,Ampla Concorrência (AC),,648.5,694.7,722.5,896.8,900.0,773.73,,,,,,
53,Poli,Engenharia Ambiental,2020,Ampla Concorrência (AC),,651.2,747.0,670.6,850.2,920.0,760.49,,,,,,
54,EESC,Engenharia Civil,2020,Escola Pública (EP),,,,,,,702.49,,,,,,
54,EESC,Engenharia Civil,2020,"Pretos, Pardos e Indígenas (PPI)",,,,,,,738.56,,,,,,
54,EESC,Engenharia Civil,2020,Escola Pública (EP),,,,,,,743.44,,,,,,
54,EESC,Engenharia Civil,2020,Ampla Concorrência (AC),,,,,,,769.13,,,,,,
54,EESC,Engenharia Civil,2020,Ampla Concorrência (AC),,,,,,,789.44,,,,,,
54,Poli,Engenharia Civil,2020,Escola Pública (EP),,635.0,687.0,675.0,812.0,940.0,742.8,,,,,,
54,Poli,Engenharia Civil,2020,Escola Pública (EP),,670.0,690.0,731.0,870.0,720.0,745.75,,,,,,
54,Poli,Engenharia Civil,2020,Ampla Concorrência (AC),,620.3,679.5,712.7,905.3,960.0,774.485,,,,,,
54,Poli,Engenharia Civil,2020,Ampla Concorrência (AC),,642.4,654.2,725.5,930.4,940.0,781.585,,,,,,
54,Poli,Engenharia Civil,2020,Ampla Concorrência (AC),,619.9,704.7,732.2,914.9,940.0,782.46,,,,,,
55,Poli,Engenharia de Computação,2020,"Pretos, Pardos e Indígenas (PPI)",,634.0,655.3,657.6,798.9,600.0,679.22,,,,,,
55,Poli,Engenharia de Computação,2020,Ampla Concorrência (AC),,618.7,694.2,702.5,893.0,880.0,758.745,,,,,,
55,Poli,Engenharia de Computação,2020,Escola Pública (EP),,636.8,679.3,751.9,880.3,920.0,775.305,,,,,,
55,Poli,Engenharia de Computação,2020,Escola Pública (EP),,640.9,667.0,729.9,964.0,940.0,792.705,,,,,,
55,Poli,Engenharia de Computação,2020,Ampla Concorrência (AC),,635.2,714.6,806.9,913.6,880.0,796.355,,,,,,
55,Poli,Engenharia de Computação,2020,Ampla Concorrência (AC),,630.4,726.4,778.8,916.0,960.0,802.74,,,,,,
36,EEL,Engenharia de Materiais,2020,Escola Pública (EP),,623.5,610.8,554.7,792.0,730.0,683.833333333333,,,,,,
56,Poli,Engenharia de Materiais ou Metalúrgica,2020,Ampla Concorrência (AC),,616.9,634.3,769.3,930.5,920.0,781.475,,,,,,
57,Poli,Engenharia de Minas,2020,Ampla Concorrência (AC),,627.8,694.1,746.0,811.5,920.0,757.05,,,,,,
57,Poli,Engenharia de Minas,2020,Ampla Concorrência (AC),,631.9,648.7,742.1,855.2,920.0,761.01,,,,,,
58,Poli,Engenharia de Petróleo,2020,"Pretos, Pardos e Indígenas (PPI)",,634.0,652.2,656.9,814.3,840.0,718.43,,,,,,
58,Poli,Engenharia de Petróleo,2020,Ampla Concorrência (AC),,606.5,692.8,732.2,860.7,960.0,767.445,,,,,,
58,Poli,Engenharia de Petróleo,2020,Ampla Concorrência (AC),,636.1,727.5,694.2,931.2,880.0,774.695,,,,,,
47,EESC,Engenharia de Produção,2020,Ampla Concorrência (AC),,614.7,681.8,719.3,909.7,800.0,752.46,,,,,,
47,EESC,Engenharia de Produção,2020,Escola Pública (EP),,705.0,689.0,712.0,820.0,960.0,771.35,,,,,,
47,EESC,Engenharia de Produção,2020,Ampla Concorrência (AC),,599.0,685.2,651.1,810.9,960.0,732.08,180.0,200.0,200.0,180.0,200.0,
47,EESC,Engenharia de Produção,2020,"Pretos, Pardos e Indígenas (PPI)",,600.0,640.0,610.0,750.0,720.0,664.0,120.0,180.0,140.0,120.0,160.0,
47,EESC,Engenharia de Produção,2020,Escola Pública (EP),,619.9,664.3,659.1,773.8,820.0,704.85,160.0,180.0,160.0,160.0,160.0,
59,Poli,Engenharia de Produção,2020,"Pretos, Pardos e Indígenas (PPI)",,638.7,684.8,690.9,847.4,920.0,753035.0,,,,,,
59,Poli,Engenharia de Produção,2020,Ampla Concorrência (AC),,683.9,700.6,716.0,942.7,960.0,800545.0,,,,,,
59,Poli,Engenharia de Produção,2020,Escola Pública (EP),,635.2,659.3,654.2,885.9,940.0,751.96,,,,,,
59,Poli,Engenharia de Produção,2020,Ampla Concorrência (AC),,658.3,769.0,728.3,889.3,960.0,795.41,,,,,,
59,Poli,Engenharia de Produção,2020,Ampla Concorrência (AC),,619.8,726.2,747.7,984.7,920.0,803.99,,,,,,
59,Poli,Engenharia de Produção,2020,Ampla Concorrência (AC),,638.5,764.7,735.5,907.2,960.0,979.08,,,,,,
60,Poli,Engenharia Elétrica,2020,Escola Pública (EP),,622.8,655.5,669.5,750.8,860.0,706.96,,,,,,
60,Poli,Engenharia Elétrica,2020,Ampla Concorrência (AC),,651.4,667.5,743.9,844.2,840.0,753.43,,,,,,
60,Poli,Engenharia Elétrica,2020,Ampla Concorrência (AC),,631.1,697.5,723.4,889.3,840.0,760.02,,,,,,
60,Poli,Engenharia Elétrica,2020,Ampla Concorrência (AC),,662.2,808.3,702.5,868.7,760.0,760.485,,,,,,
60,Poli,Engenharia Elétrica,2020,Ampla Concorrência (AC),,647.2,709.5,758.3,891.4,900.0,783.29,,,,,,
60,Poli,Engenharia Elétrica,2020,Ampla Concorrência (AC),,638.0,722.9,729.5,907.6,960.0,789.31,,,,,,
60,Poli,Engenharia Elétrica,2020,Ampla Concorrência (AC),,688.0,727.2,708.1,920.1,920.0,791.73,,,,,,
60,Poli,Engenharia Elétrica,2020,Ampla Concorrência (AC),,654.6,678.5,753.2,938.1,980.0,802.52,,,,,,
66,ESALQ,Engenharia Florestal,2020,Escola Pública (EP),,635.0,593.0,650.0,712.0,920.0,724.0,160.0,200.0,160.0,200.0,200.0,
46,EESC,Engenharia Mecânica,2020,Escola Pública (EP),,671.1,676.2,664.0,934.9,960.0,779.375,160.0,200.0,200.0,200.0,200.0,
46,EESC,Engenharia Mecânica,2020,Ampla Concorrência (AC),,632.7,748.4,672.5,838.7,900.0,751.6,160.0,200.0,200.0,160.0,180.0,
61,Poli,Engenharia Mecânica,2020,Ampla Concorrência (AC),,679.0,683.0,744.0,942.0,880.0,792.0,,,,,,
61,Poli,Engenharia Mecânica,2020,Ampla Concorrência (AC),,654.0,686.0,710.0,838.0,980.0,767.7,,,,,,
50,EESC,Engenharia Mecatrônica,2020,"Pretos, Pardos e Indígenas (PPI)",,637.73,670.29,619.28,745.65,680.0,671.322,120.0,120.0,160.0,120.0,120.0,
50,EESC,Engenharia Mecatrônica,2020,Escola Pública (EP),,610.2,644.4,698.4,896.9,920.0,755.525,160.0,180.0,200.0,180.0,200.0,
50,EESC,Engenharia Mecatrônica,2020,Ampla Concorrência (AC),,630.0,735.9,658.5,777.7,940.0,736.435,,,,,,
62,Poli,Engenharia Mecatrônica,2020,Escola Pública (EP),,613.0,722.9,790.5,868.6,840.0,771.1,,,,,,
62,Poli,Engenharia Mecatrônica,2020,Ampla Concorrência (AC),,652.8,694.7,769.9,944.5,960.0,807.37,,,,,,
63,Poli,Engenharia Naval,2020,"Pretos, Pardos e Indígenas (PPI)",,710.4,720.1,685.4,858.5,800.0,756.07,,,,,,
63,Poli,Engenharia Naval,2020,Ampla Concorrência (AC),,625.2,702.0,738.0,918.6,860.0,773.49,,,,,,
63,Poli,Engenharia Naval,2020,Ampla Concorrência (AC),,616.6,683.4,714.0,961.9,880.0,776.805,,,,,,
64,Poli,Engenharia Química,2020,Ampla Concorrência (AC),,641.0,674.0,707.0,817.0,920.0,748.0,,,,,,
64,Poli,Engenharia Química,2020,Ampla Concorrência (AC),,631.0,704.0,729.0,876.0,960.0,777.0,,,,,,
64,Poli,Engenharia Química,2020,Ampla Concorrência (AC),,709.5,772.3,718.5,881.8,920.0,795.0,,,,,,
64,Poli,Engenharia Química,2020,Ampla Concorrência (AC),,619.6,697.0,731.9,854.9,900.0,760.17,,,,,,
74,FCF,Farmácia Bioquímica,2017,Escola Pública (EP),,643.2,670.7,657.5,766.2,820.0,710.2,160.0,160.0,160.0,180.0,160.0,
74,FCF,Farmácia Bioquímica,2019,"Pretos, Pardos e Indígenas (PPI)",,635.5,631.5,559.5,735.4,980.0,701.18,180.0,200.0,200.0,200.0,200.0,
74,FCF,Farmácia Bioquímica,2019,Escola Pública (EP),,599.4,676.8,639.6,785.9,800.0,696.62,160.0,160.0,140.0,160.0,180.0,
74,FCF,Farmácia Bioquímica,2019,Escola Pública (EP),,577.1,655.1,622.8,694.4,860.0,678.65,180.0,140.0,160.0,180.0,200.0,
74,FCF,Farmácia Bioquímica,2020,"Pretos, Pardos e Indígenas (PPI)",,610.5,636.9,600.7,711.8,860.0,680.36,,,,,,
74,FCF,Farmácia Bioquímica,2020,"Pretos, Pardos e Indígenas (PPI)",,639.2,641.7,665.1,756.1,800.0,702.76,160.0,160.0,160.0,160.0,160.0,
74,FCF,Farmácia Bioquímica,2020,"Pretos, Pardos e Indígenas (PPI)",,608.7,634.5,581.7,635.9,680.0,622.88,,,,,,
74,FCF,Farmácia Bioquímica,2020,"Pretos, Pardos e Indígenas (PPI)",,594.4,556.0,614.1,596.1,700.0,617.93,140.0,120.0,180.0,160.0,100.0,
76,FCFRP,Farmácia Bioquímica,2019,Escola Pública (EP),,642.9,687.7,607.6,561.4,980.0,723.885714285714,,,,,,
105,FFLCH,Filosofia,2020,"Pretos, Pardos e Indígenas (PPI)",,608.0,675.7,624.9,785.9,780.0,697.033333333333,160.0,160.0,160.0,140.0,160.0,
152,IF,Física (Bach),2019,Escola Pública (EP),,624.6,673.7,648.9,718.8,880.0,724.2125,160.0,180.0,200.0,180.0,160.0,
152,IF,Física (Bach),2020,Escola Pública (EP),,607.9,659.3,685.9,810.2,920.0,762.425,160.0,200.0,200.0,180.0,180.0,
152,IF,Física (Bach),2020,Escola Pública (EP),,595.8,647.9,626.6,703.4,840.0,697.9625,140.0,180.0,160.0,180.0,180.0,
114,FM,Fisioterapia,2020,Escola Pública (EP),,619.9,621.9,604.2,695.6,820.0,672.32,,,,,,
114,FM,Fisioterapia,2020,"Pretos, Pardos e Indígenas (PPI)",,624.5,620.2,613.8,674.4,840.0,674.58,,,,,,
114,FM,Fisioterapia,2020,"Pretos, Pardos e Indígenas (PPI)",,595.7,665.2,633.6,762.5,880.0,707.4,,,,,,
114,FM,Fisioterapia,2020,Escola Pública (EP),,642.0,690.0,627.0,798.0,880.0,727.4,,,,,,
114,FM,Fisioterapia,2020,Ampla Concorrência (AC),,631.5,667.9,630.1,771.0,960.0,732.1,,,,,,
114,FM,Fisioterapia,2020,Ampla Concorrência (AC),,680.0,700.0,670.0,706.0,920.0,735.2,,,,,,
114,FM,Fisioterapia,2020,Ampla Concorrência (AC),,639.7,680.3,736.7,834.3,960.0,770.2,,,,,,
114,FMRP,Fisioterapia,2020,"Pretos, Pardos e Indígenas (PPI)",,602.0,598.0,596.0,711.0,940.0,689.4,180.0,200.0,180.0,200.0,180.0,
107,FFLCH,Geografia,2020,Escola Pública (EP),,636.5,718.5,645.7,651.3,860.0,730.55,160.0,200.0,180.0,180.0,140.0,
107,FFLCH,Geografia,2020,Escola Pública (EP),,604.0,630.0,540.0,655.0,960.0,717.3,160.0,200.0,200.0,200.0,200.0,
107,FFLCH,Geografia,2020,"Pretos, Pardos e Indígenas (PPI)",,580.3,645.4,584.2,545.3,760.0,650.63,,,,,,
160,IGc,Geologia,2020,Escola Pública (EP),,603.3,658.2,598.0,700.8,880.0,664.12,160.0,200.0,160.0,200.0,160.0,
12,EACH,Gestão de Políticas Públicas,2017,"Pretos, Pardos e Indígenas (PPI)",,639.0,698.0,600.0,678.0,800.0,703.0,160.0,160.0,140.0,180.0,160.0,
12,EACH,Gestão de Políticas Públicas,2019,"Pretos, Pardos e Indígenas (PPI)",,646.0,680.1,597.0,755.0,760.0,703.92,160.0,200.0,200.0,120.0,80.0,
12,EACH,Gestão de Políticas Públicas,2020,Ampla Concorrência (AC),,606.4,642.5,605.0,770.2,840.0,716.32,,,,,,
109,FFLCH,História,2020,Escola Pública (EP),,545.0,667.0,559.0,550.0,840.0,672.0,,,,,,
111,FFLCH,Letras (Básico),2019,"Pretos, Pardos e Indígenas (PPI)",,620.0,650.0,430.0,580.0,880.0,682.5,200.0,120.0,160.0,200.0,200.0,
111,FFLCH,Letras (Básico),2019,"Pretos, Pardos e Indígenas (PPI)",,621.7,685.3,574.2,626.6,800.0,686.83,160.0,180.0,140.0,160.0,160.0,
111,FFLCH,Letras (Básico),2020,"Pretos, Pardos e Indígenas (PPI)",,663.0,685.0,587.4,705.4,900.0,736.28,160.0,180.0,200.0,200.0,160.0,
111,FFLCH,Letras (Básico),2020,"Pretos, Pardos e Indígenas (PPI)",,627.6,622.6,543.5,404.0,880.0,671.3,160.0,200.0,200.0,160.0,160.0,
111,FFLCH,Letras (Básico),2020,Escola Pública (EP),,583.8,621.8,599.6,726.7,980.0,728.03,180.0,200.0,200.0,200.0,200.0,
128,FOB,Medicina,2020,"Pretos, Pardos e Indígenas (PPI)",,,,,,,772.32,,,,,,
128,FOB,Medicina,2020,"Pretos, Pardos e Indígenas (PPI)",,,,,,,782.31,,,,,,
128,FOB,Medicina,2020,"Pretos, Pardos e Indígenas (PPI)",,,,,,,792.5,,,,,,
128,FOB,Medicina,2020,Escola Pública (EP),,,,,,,799.21,,,,,,
128,FOB,Medicina,2020,Ampla Concorrência (AC),,,,,,,811.93,,,,,,
128,FOB,Medicina,2020,Escola Pública (EP),,,,,,,812.24,,,,,,
128,FOB,Medicina,2020,Escola Pública (EP),,,,,,,814.55,,,,,,
128,FOB,Medicina,2020,Ampla Concorrência (AC),,,,,,,815.38,,,,,,
128,FOB,Medicina,2020,Escola Pública (EP),,,,,,,815.95,,,,,,
128,FOB,Medicina,2020,Escola Pública (EP),,,,,,,816.11,,,,,,
128,FOB,Medicina,2020,Escola Pública (EP),,,,,,,818.62,,,,,,
128,FOB,Medicina,2020,Ampla Concorrência (AC),,,,,,,819.71,,,,,,
128,FOB,Medicina,2020,Escola Pública (EP),,,,,,,822.24,,,,,,
128,FOB,Medicina,2020,Escola Pública (EP),,,,,,,827.46,,,,,,
128,FOB,Medicina,2020,Ampla Concorrência (AC),,,,,,,827.86,,,,,,
128,FOB,Medicina,2020,Ampla Concorrência (AC),,,,,,,832.62,,,,,,
128,FOB,Medicina,2020,Ampla Concorrência (AC),,,,,,,832.68,,,,,,
128,FOB,Medicina,2020,Ampla Concorrência (AC),,,,,,,833.78,,,,,,
128,FOB,Medicina,2020,Ampla Concorrência (AC),,,,,,,837.24,,,,,,
128,FOB,Medicina,2020,Ampla Concorrência (AC),,,,,,,837.73,,,,,,
128,FOB,Medicina,2020,Ampla Concorrência (AC),,,,,,,845.19,,,,,,
113,FM,Medicina,2020,"Pretos, Pardos e Indígenas (PPI)",,607.7,659.5,694.1,801.7,940.0,738.1,,,,,,
113,FM,Medicina,2020,"Pretos, Pardos e Indígenas (PPI)",,640.3,649.4,655.8,849.4,960.0,743.9,,,,,,
113,FM,Medicina,2020,"Pretos, Pardos e Indígenas (PPI)",,664.4,730.3,690.1,785.3,960.0,755.82,,,,,,
113,FM,Medicina,2020,"Pretos, Pardos e Indígenas (PPI)",,655.8,709.9,725.2,829.5,860.0,756.98,,,,,,
113,FM,Medicina,2020,"Pretos, Pardos e Indígenas (PPI)",,601.1,705.5,658.1,899.6,960.0,758.8,,,,,,
113,FM,Medicina,2020,"Pretos, Pardos e Indígenas (PPI)",,679.2,671.8,697.4,832.9,940.0,759.25,,,,,,
113,FM,Medicina,2020,Escola Pública (EP),,704.2,720.2,696.0,812.3,920.0,762.28,,,,,,
113,FM,Medicina,2020,"Pretos, Pardos e Indígenas (PPI)",,703.0,677.5,693.7,872.4,880.0,762.6,,,,,,
113,FM,Medicina,2020,"Pretos, Pardos e Indígenas (PPI)",,682.0,683.8,685.9,855.2,940.0,763.14,,,,,,
113,FM,Medicina,2020,Escola Pública (EP),,629.2,693.8,730.6,812.6,960.0,763.55,,,,,,
113,FM,Medicina,2020,Escola Pública (EP),,616.5,633.5,741.8,856.0,960.0,765.78,,,,,,
113,FM,Medicina,2020,Escola Pública (EP),,702.4,724.1,703.5,807.8,960.0,770.03,,,,,,
113,FM,Medicina,2020,Escola Pública (EP),,629.7,685.8,719.1,867.0,980.0,774.49,,,,,,
113,FM,Medicina,2020,Escola Pública (EP),,661.5,687.5,711.9,874.9,1000.0,782.33,,,,,,
113,FM,Medicina,2020,Escola Pública (EP),,668.2,697.9,757.4,849.7,940.0,783.92,,,,,,
113,FM,Medicina,2020,Escola Pública (EP),,650.2,721.1,761.4,862.1,980.0,794.96,,,,,,
113,FM,Medicina,2020,Escola Pública (EP),,654.5,714.5,740.5,964.2,880.0,796.35,,,,,,
113,FM,Medicina,2020,Ampla Concorrência (AC),,653.2,721.9,762.2,920.5,900.0,796.96,,,,,,
113,FM,Medicina,2020,Escola Pública (EP),,644.0,702.9,749.0,932.9,940.0,797.4,,,,,,
113,FM,Medicina,2020,Escola Pública (EP),,660.6,723.2,734.4,924.4,960.0,799.88,,,,,,
113,FM,Medicina,2020,Escola Pública (EP),,741.8,707.0,792.1,858.2,880.0,800.05,,,,,,
113,FM,Medicina,2020,Ampla Concorrência (AC),,650.7,708.5,763.1,906.6,960.0,800.82,,,,,,
113,FM,Medicina,2020,Escola Pública (EP),,638.0,730.9,753.4,918.0,960.0,801.35,,,,,,
113,FM,Medicina,2020,Ampla Concorrência (AC),,650.7,698.9,808.1,909.0,880.0,801.43,,,,,,
113,FM,Medicina,2020,Ampla Concorrência (AC),,660.1,715.2,756.9,942.8,940.0,806.66,,,,,,
113,FM,Medicina,2020,Ampla Concorrência (AC),,691.3,706.4,735.0,949.7,960.0,808.04,,,,,,
113,FM,Medicina,2020,Escola Pública (EP),,683.8,735.8,739.1,976.5,920.0,812.7,,,,,,
113,FM,Medicina,2020,Ampla Concorrência (AC),,644.3,692.3,803.4,907.5,980.0,813.02,,,,,,
113,FM,Medicina,2020,Ampla Concorrência (AC),,655.5,697.8,764.0,963.3,960.0,813.32,,,,,,
113,FM,Medicina,2020,Ampla Concorrência (AC),,685.1,708.9,774.1,919.4,980.0,815.58,,,,,,
113,FM,Medicina,2020,Ampla Concorrência (AC),,635.4,657.8,800.0,970.2,960.0,816.69,,,,,,
113,FM,Medicina,2020,Ampla Concorrência (AC),,682.3,737.3,790.2,934.0,920.0,818.6,,,,,,
113,FM,Medicina,2020,Ampla Concorrência (AC),,708.3,677.5,802.5,929.5,940.0,819.24,,,,,,
113,FM,Medicina,2020,Ampla Concorrência (AC),,650.0,750.0,745.0,982.0,960.0,819.32,,,,,,
113,FM,Medicina,2020,Ampla Concorrência (AC),,660.6,791.8,755.3,963.0,920.0,819.62,,,,,,
113,FM,Medicina,2020,Escola Pública (EP),,678.2,709.3,794.2,914.5,980.0,819.64,,,,,,
113,FM,Medicina,2020,Ampla Concorrência (AC),,736.2,741.9,767.3,882.5,1000.0,820.99,,,,,,
113,FM,Medicina,2020,Ampla Concorrência (AC),,625.1,729.0,780.0,963.6,980.0,821.46,,,,,,
113,FM,Medicina,2020,Ampla Concorrência (AC),,716.1,710.5,792.3,914.8,960.0,822.06,,,,,,
113,FM,Medicina,2020,Ampla Concorrência (AC),,687.8,735.8,760.8,985.0,940.0,825.03,,,,,,
113,FM,Medicina,2020,Ampla Concorrência (AC),,725.5,745.2,779.0,921.8,960.0,826.37,,,,,,
113,FM,Medicina,2020,Ampla Concorrência (AC),,714.0,745.8,773.37,924.4,980.0,826.62,,,,,,
113,FM,Medicina,2020,Ampla Concorrência (AC),,641.9,747.2,806.9,964.0,940.0,829.06,,,,,,
113,FM,Medicina,2020,Ampla Concorrência (AC),,678.8,716.5,827.0,973.4,900.0,832.22,,,,,,
113,FM,Medicina,2020,Ampla Concorrência (AC),,649.9,706.0,860.9,971.7,900.0,836.2,,,,,,
113,FM,Medicina,2020,Ampla Concorrência (AC),,705.7,783.0,809.6,934.5,960.0,841.48,,,,,,
113,FM,Medicina,2020,Ampla Concorrência (AC),,654.7,765.6,840.5,925.7,980.0,841.52,,,,,,
113,FM,Medicina,2020,Ampla Concorrência (AC),,692.5,699.4,831.6,963.3,980.0,843.15,,,,,,
113,FM,Medicina,2020,Ampla Concorrência (AC),,745.3,822.7,828.6,962.9,820.0,844.55,,,,,,
113,FM,Medicina,2020,Escola Pública (EP),,632.8,784.7,772.8,875.0,920.0,799.32,,,,,,
117,FMRP,Medicina,2020,Escola Pública (EP),,676.4,733.6,756.6,910.4,940.0,828.0,,,,,,
117,FMRP,Medicina,2020,"Pretos, Pardos e Indígenas (PPI)",,626.2,665.7,626.0,857.0,920.0,762.24,,,,,,
117,FMRP,Medicina,2020,"Pretos, Pardos e Indígenas (PPI)",,626.9,683.3,658.5,780.9,960.0,763.63,,,,,,
117,FMRP,Medicina,2020,"Pretos, Pardos e Indígenas (PPI)",,,,,,,764.98,,,,,,
117,FMRP,Medicina,2020,"Pretos, Pardos e Indígenas (PPI)",,,,,,,767.76,,,,,,
117,FMRP,Medicina,2020,"Pretos, Pardos e Indígenas (PPI)",,,,,,,770.24,,,,,,
117,FMRP,Medicina,2020,"Pretos, Pardos e Indígenas (PPI)",,591.0,619.3,690.4,896.5,960.0,774.48,,,,,,
117,FMRP,Medicina,2020,"Pretos, Pardos e Indígenas (PPI)",,612.6,665.6,690.0,878.0,940.0,774.49,,,,,,
117,FMRP,Medicina,2020,"Pretos, Pardos e Indígenas (PPI)",,617.0,666.9,673.4,828.9,960.0,776.06,,,,,,
117,FMRP,Medicina,2020,"Pretos, Pardos e Indígenas (PPI)",,,,,,,779.23,,,,,,
117,FMRP,Medicina,2020,"Pretos, Pardos e Indígenas (PPI)",,,,,,,780.84,,,,,,
117,FMRP,Medicina,2020,"Pretos, Pardos e Indígenas (PPI)",,624.9,670.8,703.5,815.6,960.0,781.74,,,,,,
117,FMRP,Medicina,2020,"Pretos, Pardos e Indígenas (PPI)",,,,,,960.0,782.08,,,,,,
117,FMRP,Medicina,2020,"Pretos, Pardos e Indígenas (PPI)",,,,,,,787.21,,,,,,
117,FMRP,Medicina,2020,"Pretos, Pardos e Indígenas (PPI)",,,,,,,790.4,,,,,,
117,FMRP,Medicina,2020,Escola Pública (EP),,631.3,691.1,715.3,907.9,940.0,806.1,,,,,,
117,FMRP,Medicina,2020,Escola Pública (EP),,581.7,688.9,751.6,891.2,980.0,814.5,,,,,,
117,FMRP,Medicina,2020,Escola Pública (EP),,,,,,,816.14,,,,,,
117,FMRP,Medicina,2020,Escola Pública (EP),,,,,,,817.08,,,,,,
117,FMRP,Medicina,2020,Escola Pública (EP),,635.9,735.7,743.0,861.7,980.0,817.63,,,,,,
117,FMRP,Medicina,2020,Escola Pública (EP),,,,,,,817.73,,,,,,
117,FMRP,Medicina,2020,Escola Pública (EP),,,,,,,820.6,,,,,,
117,FMRP,Medicina,2020,Escola Pública (EP),,,,,,,820.7,,,,,,
117,FMRP,Medicina,2020,Escola Pública (EP),,,,,,,821.2,,,,,,
117,FMRP,Medicina,2020,Escola Pública (EP),,621.4,665.3,753.5,935.1,960.0,822.99,,,,,,
117,FMRP,Medicina,2020,Escola Pública (EP),,670.6,730.4,756.8,868.9,980.0,826.55,,,,,,
124,FMVZ,Medicina Veterinária,2020,Ampla Concorrência (AC),,608.5,661.3,675.4,847.5,920.0,743.95,,,,,,
124,FMVZ,Medicina Veterinária,2020,Ampla Concorrência (AC),,601.8,675.7,642.6,707.8,900.0,702.27,,,,,,
124,FMVZ,Medicina Veterinária,2020,Ampla Concorrência (AC),,606.9,665.7,641.5,762.5,900.0,712.9,,,,,,
124,FMVZ,Medicina Veterinária,2020,Ampla Concorrência (AC),,648.0,710.0,661.0,804.0,960.0,751.7,,,,,,
124,FMVZ,Medicina Veterinária,2020,Ampla Concorrência (AC),,662.8,649.0,671.7,848.2,820.0,732.61,,,,,,
124,FMVZ,Medicina Veterinária,2020,Ampla Concorrência (AC),,652.5,,658.9,813.9,940.0,,,,,,,
124,FMVZ,Medicina Veterinária,2020,Escola Pública (EP),,667.0,697.0,684.0,742.0,880.0,732.7,,,,,,
124,FMVZ,Medicina Veterinária,2020,Escola Pública (EP),,635.0,680.0,607.0,645.0,920.0,690.1,,,,,,
124,FMVZ,Medicina Veterinária,2020,Escola Pública (EP),,621.0,658.0,614.0,633.0,780.0,656.8,,,,,,
124,FMVZ,Medicina Veterinária,2020,Escola Pública (EP),,644.0,686.0,615.0,720.0,820.0,689.9,,,,,,
124,FMVZ,Medicina Veterinária,2020,"Pretos, Pardos e Indígenas (PPI)",,620.0,670.0,617.0,640.0,800.0,664.1,,,,,,
124,FMVZ,Medicina Veterinária,2020,"Pretos, Pardos e Indígenas (PPI)",,619.0,645.0,656.0,666.0,860.0,690.3,,,,,,
124,FMVZ,Medicina Veterinária,2020,"Pretos, Pardos e Indígenas (PPI)",,644.3,622.5,619.5,728.5,920.0,706.66,,,,,,
169,IO,Oceanografia,2020,Escola Pública (EP),,628.8,631.1,633.6,743.0,940.0,736.541666666667,160.0,200.0,180.0,200.0,200.0,
169,IO,Oceanografia,2020,Ampla Concorrência (AC),,597.8,552.9,592.3,757.6,940.0,718.183333333333,160.0,200.0,180.0,200.0,200.0,
169,IO,Oceanografia,2020,Escola Pública (EP),,607.4,602.9,563.6,671.7,800.0,660.3,160.0,180.0,140.0,160.0,160.0,
125,FO,Odontologia,2020,Ampla Concorrência (AC),,647.2,638.0,693.8,724.3,740.0,693.0,160.0,120.0,160.0,160.0,140.0,
125,FO,Odontologia,2020,Ampla Concorrência (AC),,618.7,659.0,619.2,690.1,920.0,701.5,160.0,200.0,160.0,200.0,200.0,
125,FO,Odontologia,2020,Escola Pública (EP),,612.4,649.2,667.9,701.7,920.0,710.2,160.0,160.0,200.0,200.0,160.0,
125,FO,Odontologia,2020,Ampla Concorrência (AC),,661.1,645.9,653.0,710.3,880.0,710.77,,,,,,
125,FO,Odontologia,2019,"Pretos, Pardos e Indígenas (PPI)",,603.3,678.1,699.5,702.2,920.0,722.76,,,,,,
125,FO,Odontologia,2020,Escola Pública (EP),,617.3,624.3,674.6,785.5,920.0,724.34,160.0,200.0,160.0,200.0,200.0,
125,FO,Odontologia,2019,Escola Pública (EP),,612.6,681.8,695.0,775.5,900.0,732.8,160.0,200.0,160.0,200.0,160.0,
125,FO,Odontologia,2020,Ampla Concorrência (AC),,642.3,670.0,674.2,737.6,940.0,732.82,160.0,200.0,160.0,200.0,200.0,
125,FO,Odontologia,2019,Escola Pública (EP),,732.2,708.3,676.2,736.4,820.0,737.01,160.0,160.0,160.0,160.0,200.0,
125,FO,Odontologia,2020,Escola Pública (EP),,706.6,717.0,649.6,781.6,820.0,743.3,160.0,160.0,,,,
125,FO,Odontologia,2020,Escola Pública (EP),,659.9,699.8,646.8,752.9,960.0,743.88,160.0,200.0,200.0,160.0,200.0,
125,FO,Odontologia,2020,Ampla Concorrência (AC),,629.2,708.4,659.1,797.6,940.0,746.92,160.0,200.0,180.0,200.0,200.0,
125,FO,Odontologia,2020,Ampla Concorrência (AC),,660.8,696.9,677.1,,960.0,764.3,160.0,200.0,200.0,200.0,200.0,
125,FO,Odontologia,2020,Ampla Concorrência (AC),,627.0,741.5,671.1,861.0,940.0,765.0,160.0,200.0,200.0,180.0,200.0,
125,FO,Odontologia,2020,Ampla Concorrência (AC),,673.2,721.6,703.7,829.0,940.0,773.5,160.0,200.0,200.0,180.0,200.0,
125,FO,Odontologia,2020,Ampla Concorrência (AC),,635.4,657.8,800.0,970.2,960.0,804.6,180.0,200.0,180.0,200.0,200.0,
170,IP,Psicologia,2020,Escola Pública (EP),,660.0,618.0,595.0,741.0,940.0,711.0,,,,,,
170,IP,Psicologia,2020,"Pretos, Pardos e Indígenas (PPI)",,661.2,716.7,578.6,708.8,960.0,725.0,,,,,,
170,IP,Psicologia,2020,"Pretos, Pardos e Indígenas (PPI)",,615.9,643.7,636.0,722.9,940.0,711.7,,,,,,
170,IP,Psicologia,2020,Escola Pública (EP),,614.0,657.5,694.5,760.0,860.0,717.2,,,,,,
170,IP,Psicologia,2020,Escola Pública (EP),,664.3,751.2,652.0,663.8,920.0,730.26,,,,,,
170,IP,Psicologia,2020,Escola Pública (EP),,626.1,646.5,667.1,798.8,920.0,731.7,,,,,,
170,IP,Psicologia,2020,Escola Pública (EP),,658.8,729.7,657.0,757.8,880.0,736.6,,,,,,
170,IP,Psicologia,2020,"Pretos, Pardos e Indígenas (PPI)",,660.5,684.7,587.2,800.5,960.0,738.53,,,,,,
170,IP,Psicologia,2020,Escola Pública (EP),,658.6,662.0,663.9,770.3,960.0,742.96,,,,,,
170,IP,Psicologia,2020,Escola Pública (EP),,615.7,719.6,658.6,846.7,880.0,744.12,,,,,,
170,IP,Psicologia,2020,Escola Pública (EP),,644.6,694.6,657.8,804.9,920.0,744.38,,,,,,
170,IP,Psicologia,2020,Escola Pública (EP),,656.5,707.6,680.3,804.9,900.0,749.44,,,,,,
170,IP,Psicologia,2020,Escola Pública (EP),,662.9,691.5,656.8,820.8,960.0,758.4,,,,,,
173,IQSC,Química,2020,Ampla Concorrência (AC),,590.0,680.0,644.0,710.0,920.0,704.705882352941,,,,,,
171,IQ,Química Integral (Bach e Lic),2018,Escola Pública (EP),,586.7,656.3,656.6,739.3,620.0,648.918181818182,,,,,,
171,IQ,Química Integral (Bach e Lic),2019,Ampla Concorrência (AC),,675.8,674.0,680.3,785.5,940.0,768.863636363636,,,,,,
171,IQ,Química Integral (Bach e Lic),2019,Ampla Concorrência (AC),,671.3,741.3,729.5,928.3,800.0,775.363636363636,,,,,,
171,IQ,Química Integral (Bach e Lic),2019,Escola Pública (EP),,609.2,657.9,642.9,769.2,740.0,687.581818181818,140.0,120.0,160.0,120.0,200.0,
171,IQ,Química Integral (Bach e Lic),2020,Escola Pública (EP),,627.6,640.9,644.6,819.7,920.0,748.118181818182,160.0,200.0,180.0,180.0,200.0,
171,IQ,Química Integral (Bach e Lic),2020,Escola Pública (EP),,601.1,687.8,718.5,820.9,900.0,762.481818181818,180.0,180.0,200.0,180.0,160.0,
171,IQ,Química Integral (Bach e Lic),2020,Ampla Concorrência (AC),,614.1,634.6,627.0,793.3,900.0,730.036363636364,140.0,180.0,200.0,180.0,200.0,
171,IQ,Química Integral (Bach e Lic),2020,Escola Pública (EP),,632.5,622.2,631.5,693.5,800.0,688.063636363636,,,,,,
172,IQ,Química Noturno (Bach e Lic),2018,"Pretos, Pardos e Indígenas (PPI)",,621.4,641.3,648.0,637.2,900.0,709.318181818182,160.0,200.0,160.0,200.0,180.0,
172,IQ,Química Noturno (Bach e Lic),2019,"Pretos, Pardos e Indígenas (PPI)",,613.6,646.4,614.4,719.7,820.0,692.381818181818,,,,,,
172,IQ,Química Noturno (Bach e Lic),2019,Escola Pública (EP),,687.0,722.1,651.6,697.1,900.0,740.463636363636,160.0,200.0,180.0,180.0,180.0,
172,IQ,Química Noturno (Bach e Lic),2019,Ampla Concorrência (AC),,616.1,620.9,614.9,769.4,940.0,732.418181818182,160.0,200.0,200.0,200.0,180.0,
172,IQ,Química Noturno (Bach e Lic),2019,Escola Pública (EP),,628.4,669.1,648.3,742.1,680.0,672.272727272727,,,,,,
172,IQ,Química Noturno (Bach e Lic),2020,Ampla Concorrência (AC),,645.7,650.8,621.5,838.9,820.0,722.227272727273,200.0,140.0,160.0,120.0,200.0,
174,IRI,Relações Internacionais,2020,"Pretos, Pardos e Indígenas (PPI)",,633.0,627.0,587.0,734.0,820.0,690.0,,,,,,
174,IRI,Relações Internacionais,2020,"Pretos, Pardos e Indígenas (PPI)",,635.0,712.0,695.0,740.0,920.0,745.0,,,,,,
174,IRI,Relações Internacionais,2020,"Pretos, Pardos e Indígenas (PPI)",,553.0,599.5,518.0,621.0,880.0,647.22,,,,,,
174,IRI,Relações Internacionais,2020,"Pretos, Pardos e Indígenas (PPI)",,606.6,603.6,631.5,693.7,920.0,697.7,,,,,,
174,IRI,Relações Internacionais,2020,"Pretos, Pardos e Indígenas (PPI)",,664.3,668.9,613.5,760.1,800.0,711.21,,,,,,
174,IRI,Relações Internacionais,2020,"Pretos, Pardos e Indígenas (PPI)",,635.0,687.0,620.5,732.9,880.0,721.14,,,,,,
174,IRI,Relações Internacionais,2020,Escola Pública (EP),,651.0,665.4,641.6,803.7,820.0,724.64,,,,,,
174,IRI,Relações Internacionais,2020,Escola Pública (EP),,624.6,640.1,627.0,708.7,980.0,725.97,,,,,,
174,IRI,Relações Internacionais,2020,"Pretos, Pardos e Indígenas (PPI)",,607.0,657.0,618.0,813.0,900.0,730.66,,,,,,
174,IRI,Relações Internacionais,2020,Escola Pública (EP),,623.4,649.8,603.9,800.4,940.0,736.79,,,,,,
174,IRI,Relações Internacionais,2020,Escola Pública (EP),,643.0,696.5,653.1,748.6,920.0,741.03,,,,,,
174,IRI,Relações Internacionais,2020,Escola Pública (EP),,665.9,699.3,613.4,831.4,880.0,751.84,,,,,,
174,IRI,Relações Internacionais,2020,Escola Pública (EP),,663.0,713.0,627.0,750.0,960.0,755.53,,,,,,
174,IRI,Relações Internacionais,2020,Ampla Concorrência (AC),,657.7,751.2,714.9,870.9,980.0,803.83,,,,,,
174,IRI,Relações Internacionais,2020,Ampla Concorrência (AC),,689.5,769.4,720.5,963.5,960.0,831.63,,,,,,
0,EACH,Sistemas de Informação,2020,Ampla Concorrência (AC),,682.7,678.8,670.1,844.7,940.0,779.85,180.0,200.0,180.0,180.0,200.0,
0,EACH,Sistemas de Informação,2020,Escola Pública (EP),,629.8,644.1,652.5,730.1,920.0,723.9,,,,,,
0,EACH,Sistemas de Informação,2020,Escola Pública (EP),,643.3,672.9,560.5,757.3,900.0,715.24,180.0,140.0,180.0,200.0,200.0,
0,EACH,Sistemas de Informação,2020,Escola Pública (EP),,585.5,681.6,579.4,739.8,960.0,715.08,,,,,,
12,EACH,Gestão de Políticas Públicas,2021,Escola Pública (EP),Primeira,750.0,790.0,700.0,670.0,960.0,713.0,200.0,200.0,200.0,160.0,200.0,
0,EACH,Sistemas de Informação,2021,"Pretos, Pardos e Indígenas (PPI)",Primeira,659.3,666.7,627.1,703.6,880.0,707.34,160.0,180.0,160.0,180.0,200.0,
24,ECA,Com. Social: Editoração,2020,Ampla Concorrência (AC),Primeira,669.6,688.0,640.9,838.7,980.0,793.0,180.0,200.0,200.0,200.0,200.0,https://drive.google.com/open?id=1OWcisZ_cYUSVgdDGupYAZMeEqNMk9LJR
24,ECA,Com. Social: Editoração,2021,Escola Pública (EP),Primeira,626.1,717.5,590.9,636.6,980.0,761.63,,,,,,
27,ECA,Relações Públicas,2021,"Pretos, Pardos e Indígenas (PPI)",Primeira,697.0,659.3,583.7,657.2,920.0,757.32,160.0,200.0,200.0,160.0,200.0,
38,EEL,Engenharia Química,2020,"Pretos, Pardos e Indígenas (PPI)",Primeira,643.3,637.1,682.4,735.8,660.0,671.72,140.0,120.0,160.0,120.0,120.0,https://drive.google.com/open?id=1SPGhfebcJATTc62qq2b3yNcX5Z0kDpzF
67,ESALQ,Ciências dos Alimentos,2021,Ampla Concorrência (AC),Segunda,576.6,616.2,619.6,725.6,880.0,702.51,180.0,200.0,180.0,180.0,140.0,
72,FAU,Arquitetura e Urbanismo,2021,Escola Pública (EP),Primeira,646.0,708.8,651.0,743.9,940.0,766.9,160.0,200.0,180.0,200.0,200.0,https://drive.google.com/open?id=19XPfGilB3hNegvZk8373e4kFjCpBpjs-
72,FAU,Arquitetura e Urbanismo,2021,Escola Pública (EP),Primeira,644.0,730.0,659.0,866.0,920.0,790.0,160.0,200.0,160.0,200.0,200.0,
72,FAU,Arquitetura e Urbanismo,2021,Escola Pública (EP),Primeira,654.0,714.0,629.0,787.0,940.0,776.0,160.0,200.0,200.0,180.0,200.0,https://drive.google.com/open?id=1RMWpOEvSWh7-qg6Q-7KNh_PAiEAxmHJj
78,FD,Direito Noturno,2021,Escola Pública (EP),Segunda,641.8,742.1,634.5,695.1,980.0,757.17,,,,,,
78,FD,Direito Noturno,2021,"Pretos, Pardos e Indígenas (PPI)",Primeira,608.0,659.0,584.0,729.0,940.0,716.0,160.0,200.0,180.0,200.0,200.0,https://drive.google.com/open?id=1URSraRPBd22j5MbvurJaeT5eTn4hfZlj
85,FEA,Economia Noturno,2021,"Pretos, Pardos e Indígenas (PPI)",Primeira,638.0,726.0,669.0,804.0,960.0,761.0,180.0,200.0,180.0,200.0,200.0,
88,FEARP,Ciências Contábeis (Noturno),2021,Escola Pública (EP),Após a terceira,608.0,637.0,575.0,693.0,800.0,662.0,140.0,180.0,160.0,180.0,140.0,
90,FEARP,Economia Empresarial e Controladoria,2021,Ampla Concorrência (AC),Primeira,649.5,742.8,716.0,810.8,840.0,757.0,,,,,,
90,FEARP,Economia Empresarial e Controladoria,2021,"Pretos, Pardos e Indígenas (PPI)",Primeira,599.0,589.0,560.0,733.0,980.0,702.0,180.0,200.0,200.0,200.0,200.0,https://drive.google.com/open?id=1FRusMbMtIc7vfV196tPkCbXQzPkwlHVl
111,FFLCH,Letras (Básico),2021,Escola Pública (EP),Primeira,644.0,546.0,594.0,586.0,920.0,716.0,160.0,200.0,160.0,200.0,200.0,https://drive.google.com/open?id=15lrQ2UrnIYMMoQHs1yOnnDRDGjSk__mX
137,FZEA,Zootecnia,2021,Escola Pública (EP),Primeira,636.5,651.7,626.4,721.8,960.0,705.33,,,,,,
137,FZEA,Zootecnia,2021,"Pretos, Pardos e Indígenas (PPI)",Primeira,598.0,678.0,594.0,495.0,900.0,653.0,,,,,,
145,ICB,Ciências Biomédicas,2021,Escola Pública (EP),Primeira,695.3,783.2,664.3,806.6,840.0,757.88,,,,,,
147,ICMC,ABI - Matemática (integral),2018,Ampla Concorrência (AC),Primeira,645.4,771.7,661.8,846.5,920.0,776.56,180.0,180.0,200.0,180.0,180.0,https://drive.google.com/open?id=1iSn0DmwVeb5xvU--iXWowvA_lQDa60Li
149,ICMC,Bacharelado em Sistemas de Informação,2021,Ampla Concorrência (AC),Primeira,610.7,718.4,701.6,839.9,940.0,774.27,160.0,200.0,200.0,180.0,200.0,
146,ICMC,Ciências de Computação,2020,Escola Pública (EP),Após a terceira,605.0,603.0,576.0,752.0,620.0,646.0,140.0,120.0,140.0,140.0,80.0,
152,IF,Física (Bach),2020,Escola Pública (EP),Após a terceira,595.8,647.9,626.6,703.4,840.0,697.96,140.0,180.0,160.0,180.0,180.0,https://drive.google.com/open?id=1yBPpGKsTl8fLnbswr0TZquU6d5Jt1gJI
160,IGc,Geologia,2021,"Pretos, Pardos e Indígenas (PPI)",Segunda,578.0,619.0,552.0,671.0,720.0,616.0,160.0,200.0,140.0,120.0,160.0,
162,IME,Ciência da Computação,2021,Ampla Concorrência (AC),Segunda,668.0,684.0,741.0,940.0,940.0,820.46,180.0,180.0,180.0,200.0,200.0,https://drive.google.com/open?id=1rWtcQd8G9xHzMUM1ZmDrZmr858ZJwYQK
162,IME,Ciência da Computação,2021,Ampla Concorrência (AC),Primeira,671.4,753.8,718.1,949.3,940.0,826.07,160.0,200.0,180.0,200.0,200.0,https://drive.google.com/open?id=1hm-soLc1DirjYLWlTwLXjz2KvxQ7MPZ8
168,IME,Matemática Aplicada e Computacional (Bach),2020,Ampla Concorrência (AC),Terceira,622.0,592.0,598.0,720.0,820.0,645.0,160.0,180.0,160.0,160.0,160.0,https://drive.google.com/open?id=1F6uo6hs_WlQaC9F_dAPswpBkfLvqrFnU
170,IP,Psicologia,2021,Escola Pública (EP),Primeira,702.0,722.0,660.0,794.0,900.0,756.0,160.0,180.0,160.0,200.0,200.0,
170,IP,Psicologia,2021,Escola Pública (EP),Primeira,647.0,762.0,664.0,790.0,920.0,756.0,140.0,200.0,200.0,200.0,180.0,https://drive.google.com/open?id=1mpZb-YuUqvg9es0oG6QSNfWTVRDuxoEn
170,IP,Psicologia,2021,"Pretos, Pardos e Indígenas (PPI)",Primeira,662.0,726.0,631.0,682.0,920.0,724.0,160.0,200.0,180.0,180.0,200.0,https://drive.google.com/open?id=1_CL18m-WQT_f_s4XCfa6EfVytkAaJNBN
170,IP,Psicologia,2021,Escola Pública (EP),Primeira,637.5,709.4,658.7,780.4,960.0,749.2,160.0,200.0,200.0,200.0,200.0,
171,IQ,Química Integral (Bach e Lic),2021,Ampla Concorrência (AC),Primeira,619.2,674.4,701.5,804.0,980.0,778.66,180.0,200.0,200.0,200.0,200.0,https://drive.google.com/open?id=1aI3B0BfuBnBj8lFzUibTlUyA6RdUO_bR
173,IQSC,Química,2021,Ampla Concorrência (AC),Segunda,668.0,714.0,662.0,688.0,940.0,723.0,,,,,,
174,IRI,Relações Internacionais,2021,"Pretos, Pardos e Indígenas (PPI)",Primeira,635.4,731.5,615.0,769.2,900.0,743.02,,,,,,
55,Poli,Engenharia de Computação,2021,Ampla Concorrência (AC),Primeira,643.5,783.6,799.6,949.3,960.0,827.47,160.0,200.0,200.0,200.0,200.0,https://drive.google.com/open?id=1C8bG_DGPZ2W1QzpntdIjWYqjYCfafSAT
56,Poli,Engenharia de Materiais ou Metalúrgica,2021,Ampla Concorrência (AC),Segunda,701.7,683.6,713.9,890.6,940.0,785.01,,,,,,
60,Poli,Engenharia Elétrica,2021,Escola Pública (EP),Segunda,608.7,669.9,649.4,928.0,760.0,743.12,160.0,120.0,140.0,160.0,180.0,https://drive.google.com/open?id=1Ro3cYj0X3v3XZKqTAd5X4u8oOEcZgihw
61,Poli,Engenharia Mecânica,2019,Escola Pública (EP),Segunda,728.0,721.0,717.0,811.0,880.0,768.0,180.0,200.0,180.0,180.0,200.0,
